fixed acidity,volatile acidity,citric acid,residual sugar,chlorides,free sulfur dioxide,total sulfur dioxide,density,pH,sulphates,alcohol,quality
8.281170424,0.492824436,0.285928747,2.129643733,0.077562341,32.8753183,58.43765915,0.997330381,3.279669197,0.509363859,9.690585212,average
7.3,0.52,0.32,2.1,0.07,51,70,0.99418,3.34,0.82,12.9,good
7.2,0.36,0.46,2.1,0.074,24,44,0.99534,3.4,0.85,11,good
8.6,0.37,0.65,6.4,0.08,3,8,0.99817,3.27,0.58,11,average
7.122489718,0.855461681,0.024497944,4.326908417,0.095437757,5,12.94377571,0.996932531,3.417309158,0.571686729,11.01124486,poor
6.2,0.56,0.09,1.7,0.053,24,32,0.99402,3.54,0.6,11.3,average
10.6,0.34,0.49,3.2,0.078,20,78,0.9992,3.19,0.7,10,good
8.662411977,0.767157425,0.491832455,1.725058682,0.393825413,12,65.93735329,0.996259444,3.018167545,1.128653174,9.2,average
8.845568311,0.790443169,0.030458812,1.790823767,0.075455683,4.318039612,14,0.997586549,3.299541188,0.552721584,10.1134515,poor
10.49029036,0.445024968,0.535145182,2.117717773,0.125121139,6,17.72572591,0.998325726,3.075655632,0.890921028,9.564564454,average
10.4,0.33,0.63,2.8,0.084,5,22,0.9998,3.26,0.74,11.2,good
8.922687066,0.479664117,0.318718324,2.335503825,0.068581909,28,65,0.996527834,3.236764882,0.502268707,9.964496175,average
10,0.43,0.33,2.7,0.095,28,89,0.9984,3.22,0.68,10,average
8,0.715,0.22,2.3,0.075,13,81,0.99688,3.24,0.54,9.5,good
6.4,0.38,0.14,2.2,0.038,15,25,0.99514,3.44,0.65,11.1,good
9.6,0.54,0.42,2.4,0.081,25,52,0.997,3.2,0.71,11.4,good
4.7,0.6,0.17,2.3,0.058,17,106,0.9932,3.85,0.6,12.9,good
7.1,0.868658585,0.044564502,5.464461737,0.084536566,3.362366558,13.81881672,0.997884322,3.401811833,0.529059164,10.34494662,poor
8.2,0.635,0.1,2.1,0.073,25,60,0.99638,3.29,0.75,10.9,good
6.1,0.64,0.02,2.4,0.069,26,46,0.99358,3.47,0.45,11,average
6.4,0.635470889,0.21,1.709417786,0.080547089,13.09417786,31.45291107,0.99689,3.585470889,0.66,9.8,average
7.2,0.38,0.3,1.8,0.073,31,70,0.99685,3.42,0.59,9.5,good
6.451018122,0.616730807,0.088299396,3.627903349,0.113476617,14.85030203,31.17006041,0.996745581,3.503401208,0.652993959,11,poor
12.11550971,0.451866552,0.47151489,4.3151489,0.069778179,26.14788088,48.92605956,0.997926979,3.078097367,0.567781787,9.629576176,poor
6.6,0.44,0.09,2.2,0.063,9,18,0.99444,3.42,0.69,,good
7.084794497,0.489670296,0.166858032,2.825678731,0.068952677,27,115.6858032,0.995123103,3.110287048,0.689154413,9.155236614,poor
7.208453086,0.713866818,0.183615103,1.812050343,0.071566545,13.12050343,40.12050343,0.996797554,3.427949657,0.584334554,,average
9.7,0.53,0.6,2,0.039,5,19,0.99585,3.3,0.86,12.4,good
7.027304138,0.695055444,0.265627159,3.029521897,0.053824669,10.71032543,56.71586983,0.996205994,3.352896746,0.527103254,9.627858577,poor
6.629242109,0.615965791,0.09,3.9,0.09147921,14.57310527,29.85378946,0.995905956,3.448420526,0.584034209,11.05731053,poor
7.2,0.53,0.14,2.1,0.064,15,29,0.99323,3.35,0.61,12.1,good
6.849356998,0.427138201,0.199485599,2.015594997,0.09642927,4,7.168810006,0.994508585,3.421430899,0.544549899,11.23118999,poor
7.992765142,0.721284462,0.224868183,1.607234858,0.076052727,7.828939431,31,0.995428939,3.22605152,0.534604549,,average
7.2,0.62,0.01,2.3,0.065,8,46,0.99332,3.32,0.51,11.8,good
6.5,0.51,0.15,3,0.064,12,27,0.9929,3.33,0.59,12.8,good
7.19007558,0.352144592,0.197106802,1.433052906,0.05246257,9.380151159,62.19007558,0.99447899,3.362893198,0.471900756,10.04297733,poor
8.290860851,0.594383852,0.226503531,1.454304257,0.076709906,27.18278297,118.9086085,0.996797877,3.167311319,1.05054247,9.264504675,poor
8.477793359,0.433905789,0.224944624,3.285041353,0.067789009,5.628347118,30.48661153,0.996099215,3.197890088,0.418236366,9.222991729,poor
10.09703257,0.623267244,0.47782213,2.154455532,0.078554447,10.45544468,45.1782213,0.999342577,3.277326681,0.551782213,9.091088935,poor
7.754707969,0.611294058,0.275118333,1.625881161,0.11199421,8.935297099,29,0.997474408,3.28652819,1.506296592,9.132351451,average
9.6,0.42,0.35,2.1,0.083,17,38,0.99622,3.23,0.66,11.1,good
7.415221225,0.606327448,0.129132735,1.892389387,0.119727437,4,11,0.996144566,3.330814163,0.557663714,9.730973468,average
7.5,0.42,0.32,2.7,0.067,7,25,0.99628,3.24,0.44,10.4,average
8.2,1.33,0,1.7,0.081,3,12,0.9964,3.53,0.49,10.9,average
8.613814911,0.942587661,0.118267866,1.893092545,0.07903401,5.620616964,20.24123393,0.996172412,3.287587661,0.449309254,9.724123393,poor
7.10167015,0.522014615,0.166388308,2.000835075,0.081831942,9.504175375,23.16805846,0.996207965,3.388319415,0.435041754,9.142432152,poor
9.4,0.5,0.34,3.6,0.082,5,14,0.9987,3.29,0.52,10.7,good
7.83868092,0.809191004,0.108062525,2.322569585,0.08874167,13,54,0.997012889,3.370645825,0.550645825,9.993541751,average
7.316971872,0.59501117,0.12185797,2.377981248,0.071422063,4.694953119,8.389906239,0.99580142,3.398302813,0.559151406,11.05252344,poor
9.359761322,1.070948348,0.341760955,1.929561811,0.074597613,31.82390453,150.4717136,0.996904686,3.155282864,0.519434272,9.711314566,average
11.6,0.47,0.44,1.6,0.147,36,51,0.99836,3.38,0.86,9.9,poor
7.951003179,0.904394803,0.011275079,2.74563096,0.084,6,11.43624603,0.997960259,3.418925556,0.49,10.43288017,poor
9.085224011,0.596015849,0.271767752,2.605540996,0.08016623,16.50923499,40,0.998555119,3.339076501,0.58435355,9.450923499,average
7.997244696,0.665877907,0.298244187,3.154565205,0.074769313,16.07401414,53.65748232,0.99628738,3.250929222,0.484078868,10.58795248,poor
11.1,0.31,0.49,2.7,0.094,16,47,0.9986,3.12,1.02,10.6,good
7.378136932,0.657616806,0.410214521,2.023655601,0.099749045,3.254481332,8.745518668,0.997192545,3.33763444,0.50892448,9.994622402,poor
10.09822354,0.589386103,0.493731892,1.824555885,0.062736677,9.463651265,47.8045231,0.99800026,3.22050082,0.524410357,9.536348735,poor
8.6,0.635,0.68,1.8,0.403,19,56,0.99632,3.02,1.15,9.3,average
8.685885105,0.3,0.451411489,2.931758513,0.07938816,10.51764362,24,0.995100589,3.27,0.74129484,11.90705745,good
7.146608294,0.731093364,0.167813272,5.593056225,0.044713493,18.34237788,50.82202765,0.993831876,3.126169216,0.302609769,10.98491613,poor
12,0.38,0.56,2.1,0.093,6,24,0.99925,3.14,0.71,10.9,good
15.5,0.645,0.49,4.2,0.095,10,23,1.00315,2.92,0.74,11.1,average
6.9,0.44,0,1.4,0.07,32,38,0.99438,3.32,0.58,11.4,good
7.197277632,0.538094343,0.26918329,2.692560502,0.082911053,11.97277632,77.97277632,0.996378221,3.385099738,0.705916448,10.96460922,average
6.4,0.57,0.02,1.8,0.067,4,11,0.997,3.46,0.68,9.5,average
7.2,0.645,0,1.9,0.097,,39,0.99675,3.37,0.58,9.2,good
6.4,0.39,0.33,3.3,0.046,12,53,0.99294,3.36,0.62,12.2,good
8.003829108,0.869419116,0.258460536,2.01922375,0.08326882,6.769210716,23.34618393,0.995853816,3.26,0.452690804,10,poor
6.70053501,0.64779982,0.27502675,3.185332136,0.071361347,24.78533214,145.5706643,0.994131177,3.205760144,0.442933573,9.342933573,average
9.4,0.27,0.53,2.4,0.074,6,18,0.9962,3.2,1.13,12,good
7.371878887,1.038127332,0.083984861,3.932787236,0.084718789,4.359394434,12.64060557,0.99653029,3.49515761,0.574375777,,poor
10.36097865,0.545241542,0.470489327,2.020733991,0.09343977,6,17.40244664,0.998002447,3.117681937,0.70341905,9.758532018,average
7.495248791,0.664373596,0.31023756,2.279319821,0.072050762,35,104.244061,0.996549417,3.301932986,0.51244061,9.463390852,average
6.581290852,0.521870915,0.010374183,1.957935731,0.071495479,6.654193902,13.6541939,0.995104297,3.489909586,0.593832244,10.62335512,poor
7.9,0.3,0.68,8.3,0.05,37.5,289,0.99316,3.01,0.51,12.3,good
8.963256565,0.919797803,0.094895555,1.830610606,0.087754419,5,18.69389394,0.996490595,3.285715051,0.459386717,9.477557576,poor
8.999708197,0.621158812,0.352609426,2.250145901,0.088768238,5,21.50145901,0.998101459,3.307682377,0.582492705,10.2002918,average
8.9,0.75,0.14,2.5,0.086,9,30,0.99824,3.34,0.64,10.5,average
7.56965787,0.533931574,0.141346042,1.674144676,0.077606843,10.3034213,39,0.99746175,3.440897361,0.593931574,9.495513194,average
6.734017458,0.566803492,0.105155023,1.714432312,0.083298908,6.618558959,11.38144104,0.994616183,3.51463974,0.559072052,11.24742358,average
7.546548428,0.902673447,0.11948183,2.077586507,0.067275778,18.87932533,50.34480961,0.997139654,3.31,0.554482699,9.856894454,poor
8.523229055,0.547199299,0.400049443,1.691927363,0.07267215,14.69192736,55.30807264,0.995771004,3.202174577,0.496062567,10.43080726,poor
7,0.69,0.07,2.5,0.091,15,21,0.99572,3.38,0.6,11.3,good
7.851679476,0.526408341,0.233927555,1.92919869,0.096506476,11.48320524,47.25839738,0.996710077,3.228759607,0.808553231,9.474160262,average
8.129389516,0.509260534,0.218687873,2.066173689,0.099249527,16,43.66173689,0.996544179,3.248392087,0.560591573,10.3573001,average
8.2,0.73,0.21,1.7,0.074,5,13,0.9968,3.2,0.52,9.5,average
7.019133882,0.548868761,0.232298465,0.823104605,0.029616123,29.46209211,85.96149232,0.993030806,3.182719529,0.326161228,9.153910746,poor
6.573771336,0.522622866,0.010524573,1.954426623,0.071560648,6.649180891,13.64918089,0.995103344,3.491212968,0.594032764,10.61934471,poor
7.511986038,1.106429983,0.103595811,3.138355321,0.085568503,4.976027924,11.97602792,0.995798322,3.53688363,0.599520558,11.20958883,poor
7.7393178,0.517925578,0.211919376,2.179565873,0.095486046,30.39937982,119.3003101,0.99662557,3.171021706,0.512012404,9.1,average
7,0.43,0.3,2,0.085,6,39,0.99346,3.33,0.46,11.9,good
7.1,0.755,0.15,1.8,0.107,20,84,0.99593,3.19,0.5,9.5,average
7.423284262,0.96521683,0.035848419,2.140252636,0.072270738,12.40252636,28.98736822,0.996007579,3.45364631,0.442075791,10.67545256,poor
7.2,0.62,0.06,2.7,0.077,15,85,0.99746,3.51,0.54,9.5,average
7.2,0.695,0.13,2,0.076,12,20,0.99546,3.29,0.54,10.1,average
7.011651977,0.460712918,0.351651977,2.1,0.106466079,3.627826745,7.74434651,0.995576485,3.399060942,0.576278267,10.99060942,poor
7.6,0.43,0.29,2.1,0.075,19,66,0.99718,3.4,0.64,9.5,average
6.624665327,0.71713186,0.024933065,2.116889782,0.081040161,3.41555109,12.16889782,0.995715443,3.582600402,0.628311022,11.25066935,poor
7.5,0.84390602,0.024696117,2.1963534,0.084493922,5.753038833,12,0.996492796,3.389392233,0.517165728,10.07044175,poor
5.9,0.645,0.12,2,0.075,32,44,0.99547,3.57,0.71,10.2,average
8.2,0.64,0.27,2,0.095,5,77,0.99747,3.13,0.62,9.1,good
6.532459671,0.654581656,0.016229836,4.105241972,0.059028729,10.83770164,20.24344754,0.994958715,3.445131049,0.549450607,11.57683976,poor
5.079700091,0.74,0,1.2,0.041,16,46,0.99258,4.01,0.59,12.5,good
6.419138367,0.562535224,0.089362054,3.79792871,0.119427505,14.31897278,31.06379456,0.996779586,3.501275891,0.663620544,11,poor
10.59032843,0.457417892,0.369436581,2.227417892,0.102024406,7.725821084,32.13708946,0.998435493,2.917417892,0.509596262,9.572582108,average
6.3,0.76,0,2.9,0.072,26,52,0.99379,3.51,0.6,11.5,good
11.6,0.475,0.4,1.4,0.091,6,28,0.99704,3.07,0.65,10.03333333,good
8.106718979,0.955975662,0.015167974,3.037598085,0.084,6,11.24160128,0.998388477,3.446175821,0.49,10.68591834,poor
6.718952606,0.56846772,0.080725961,1.6,0.072495982,7.423385993,18,0.996207902,3.392781938,0.713144918,9.342338599,average
8.842168066,0.571818435,0.326054202,2.6,0.086549322,,71.09864496,0.997193618,3.28634417,0.607891597,10.50425473,average
7.212536036,0.474577327,0.226676276,2.672206206,0.078430516,6.430515516,22.56948448,0.99612621,3.368882483,0.592915465,10.76948448,average
8.13337766,0.79174867,0.090119681,2.366489361,0.083336436,,23.6662234,0.997385878,3.339946808,0.463337766,9.733510639,poor
7.269776164,0.756438899,0.005755596,1.871222021,0.082273321,6,12,0.996512799,3.400433757,0.530289171,9.771944949,poor
10.7,0.35,0.53,2.6,0.07,5,16,0.9972,3.15,0.65,11,good
6.6,0.58,0.02,2.4,0.069,19,40,0.99387,3.38,0.66,12.6,good
9.93939706,0.222225253,0.421505122,1.773037524,0.043092946,5.124345841,32.50261663,0.99433521,2.950929462,0.307356085,9.525392495,poor
7,0.43,0.36,1.6,0.089,14,37,0.99615,3.34,0.56,9.2,good
7.792030099,0.706533835,0,2.357368449,0.078613534,11,34,0.997669323,3.464263155,0.540398495,9.46533835,average
9.994581408,0.425197621,0.365329368,1.749341264,0.117131747,33.01317471,49.87994052,0.997389282,3.398667658,0.740526988,9.937335316,poor
7.5,0.38,0.57,2.3,0.106,5,12,0.99605,3.36,0.55,11.4,good
7.5,0.775017988,0.005560552,1.966726626,0.084111211,5.944394478,12,0.996668843,3.351121104,0.496116607,9.783408283,poor
5.102657484,0.503362204,0.065309054,1.736279523,0.05477874,18.61062993,106,0.992797343,3.60035236,0.616106299,12.33627952,good
8.297629225,0.617057903,0.206875249,1.488146123,0.079146521,27.04741551,118.9762922,0.997095686,3.16189662,1.101982107,,poor
6.854621365,0.271796357,0.396375972,1.281723293,0.06418068,34.45483012,99.63655341,0.993652481,3.092699755,0.439979125,9.309033976,average
7.6,0.43,0.29,2.1,0.075,19,66,0.99718,3.4,0.64,9.5,average
5.864564584,0.593543542,0.024708708,1.623463472,0.077707107,6.176376389,13.17637639,0.995013512,3.614142139,0.612944944,10.24110111,poor
7.391462514,1.049877508,0.086432814,3.805493661,0.084914625,4.457312568,12.54268743,0.996418664,3.50201188,0.578292503,10.92865628,poor
9.30230189,0.392356386,0.336264514,2.962645139,0.068155174,27.22988389,48.38505806,0.996661036,3.283677939,0.551551742,9.845976778,poor
10.07716633,0.394540726,0.398635181,2.363518141,0.069637782,41,54.13648186,0.997400789,3.392283367,0.842257358,10.55459274,good
5.873434351,0.654800736,0.027514233,1.574573005,0.079502847,6,12.75142332,0.995233548,3.632656565,0.622485767,10.0627135,poor
12.4,0.42,0.49,4.6,0.073,19,43,0.9978,3.02,0.61,9.5,average
8.955520343,0.711874872,0.299614598,2.175833163,0.077033327,30.28020855,147.2802085,0.996185124,3.223187487,0.513187487,9.764271111,average
8.771349021,0.370413823,0.480688432,1.071627448,0.039796255,14.07162745,55.92837255,0.99239037,2.985069607,0.347190588,10.49283726,poor
7.478531668,0.230038927,0.358665187,1.42630698,0.045748608,32.17408229,85.52224688,0.992919349,3.165222469,0.503481646,10.27369302,average
10.34869286,0.598712429,0.464346429,2.120522857,0.190046415,5.102614283,15.79477143,0.999235817,3.178470571,0.618712429,,poor
8.6,0.47,0.47,2.4,0.074,,29,0.9979,3.08,0.46,9.5,average
8.236193442,0.71047582,0.198190328,3.675234017,0.060038221,24.2952418,132.1142746,0.995360967,3.110191106,0.427238688,9.67047582,average
7.742575315,0.655536524,0.059570781,2.321287658,0.081297854,11.10643829,23.7021461,0.997345571,3.382978539,0.451064383,9.436180353,poor
7.829823071,0.639890481,0.543274357,5.226902572,0.292575678,28.00365062,66.71637178,0.995969031,2.95694468,1.018039868,10.37054199,poor
7.7,0.28,0.3,2,0.062,18,34,0.9952,3.28,0.9,11.3,good
6.106084198,0.223753636,0.684170804,1.609224713,0.147186463,10,53.90775287,0.992889107,3.125073592,0.483837069,9.786162931,average
8.9,0.43,0.45,1.9,0.052,6,16,0.9948,3.35,0.7,12.5,good
7.329073779,0.43415353,0.20961664,1.530351646,0.057188509,9.658147559,62.32907378,0.994829266,3.35038336,0.473290738,10.00127787,poor
5,1.04,0.24,1.6,0.05,32,96,0.9934,3.74,0.62,11.5,average
7.2744005,0.51078551,0.172029105,2.618835819,0.070676368,27,116.2029105,0.995447157,3.118043657,0.756378359,9.146618159,poor
7.448275382,1.083965229,0.093534423,3.436210016,0.085482754,4.741376911,12.25862309,0.99609483,3.521896384,0.589655076,11.07068846,poor
8.126759045,0.652371551,0.182067198,2.120671981,0.087975892,11,74.91185776,0.99678355,3.224679828,0.585592888,9.376284487,poor
7.882557172,0.184069993,0.395057865,2.202907138,0.049494213,37.91278586,67.08721414,0.995996511,3.332907138,0.920987872,11.26511434,average
7.6,0.4,0.29,1.9,0.078,29,66,0.9971,3.45,0.59,9.5,good
6.641475885,0.693999602,0.013555644,1.719258081,0.082192581,6,12.4518548,0.995933773,3.484593535,0.548741124,9.880741919,poor
7.6,0.95,0.03,2,0.09,7,20,0.9959,3.2,0.56,9.6,average
8.179943975,1.33,0,1.720056025,0.08120056,3,12,0.9964,3.532005603,0.487994397,10.9,average
9.818911533,0.598012805,0.413878348,2.380448192,0.077211525,15.20192082,46.59935973,0.99849904,3.283974389,0.539967986,9.479807918,poor
10.6648313,0.442522203,0.42882771,1.878330425,0.135541739,32.99111887,48.12611014,0.998292256,3.338383653,0.823428059,9.862166957,poor
7.555411907,1.53674955,0,2.077705954,0.13396801,4.955411907,8.955411907,0.99472433,3.492420024,0.398662357,10.87770595,poor
11.47893582,0.318963419,0.476956768,3.249501168,0.090090356,53.89966745,79.69900234,0.999782617,3.317056534,0.771036581,10.73009977,good
7.394939103,0.532955342,0.242024359,1.735020299,0.072147767,35.29959402,60,0.995710447,3.226073077,0.533077137,9.510121795,average
6.782107307,0.759486829,0.017947317,1.810263413,0.078615805,6,12,0.996073897,3.528446832,0.615631221,9.924341466,poor
10.6,1.025,0.43,2.8,0.08,21,84,0.9985,3.06,0.57,10.1,average
6.32654261,0.362388835,0.301592557,4.829196871,0.049663565,13.94691478,85.05308522,0.993322096,3.281327131,0.401678748,10.59734574,average
7.332394929,0.71340941,0.218964408,1.742750853,0.067075407,5.979288152,24.53106777,0.994668932,3.26,0.393446611,10,poor
7.236137981,0.502721907,0.283416074,1.893563301,0.072123684,16.7871266,104,0.995056626,3.25871266,0.515742532,10.09158606,average
,0.462669999,0.476650005,3.725700311,0.090558992,28.66999893,49.53399979,0.99816942,3.138109965,0.647429969,9.680099968,poor
8.4,0.37,0.53,1.8,0.413,9,26,0.9979,3.06,1.06,9.1,good
12.6,0.31,0.72,2.2,0.072,6,29,0.9987,2.88,0.82,9.8,good
8.917660559,0.651135842,0.324573604,2.1,0.080069433,11.8422644,44.1230192,0.998021132,3.307192452,0.538422644,9.31230192,poor
9.6,0.77,0.12,2.9,0.082,30,74,0.99865,3.3,0.64,10.4,good
7.60426188,0.423617459,0.266595635,1.908513482,0.058851143,26.93617459,138.4680873,0.996667239,3.507871116,0.607233889,9.5,average
8.393154955,0.642619819,0.207797118,2.138394593,0.08991973,10.79464864,74.79464864,0.997157387,3.191785946,0.591369009,9.275295498,poor
8.242995762,0.434035803,0.36531229,1.21497881,0.059478474,28.14008476,118.4299576,0.994691814,3.20560339,0.686767791,10.12607628,poor
6.234725432,0.526109827,0.243472543,2.580835259,0.043730549,16.26945086,69.19164741,0.99236675,3.392637284,0.601498845,12.6886156,good
6.44273208,0.535726792,0.013145358,1.893274971,0.072696322,6.561821387,13.56182139,0.995086746,3.513926439,0.597527145,10.54945711,poor
,0.976307853,0.052494694,2.106985144,0.061269427,19.97006367,48.97006367,0.997055488,3.309501061,0.549600849,9.696008489,poor
8.8,0.61,0.14,2.4,0.067,10,42,0.9969,3.19,0.59,9.5,average
8.105761867,0.436992204,0.357368178,2.503759745,0.084433593,26.6416017,71.67919915,0.997492603,3.425288093,0.644711907,10.5829589,average
8.2,0.43,0.29,1.6,0.081,27,45,0.99603,3.25,0.54,10.3,average
9.331670251,0.391138829,0.343798805,2.240482677,0.150899403,27.27847073,90,0.998777988,3.15,0.627722342,8.667082437,average
11.3,0.36,0.66,2.4,0.123,3,8,0.99642,3.2,0.53,11.9,good
6,0.64,0.05,1.9,0.066,9,17,0.99496,3.52,0.78,10.6,average
9,0.38,0.41,2.4,0.103,6,10,0.99604,3.13,0.58,11.9,good
7.293008509,0.975979893,0.051398298,2.173410657,0.060563032,19.98252127,49.01747873,0.996981309,3.30615468,0.544756382,9.724470219,poor
9.735824806,0.736417519,0.256108253,3.224226834,0.065215851,22.81056708,49,0.997541849,3.18820876,0.559368557,9.653157215,poor
7.7,0.96,0.2,2,0.047,15,60,0.9955,3.36,0.44,10.9,average
8.905864302,0.93217301,0.079112683,1.819849557,0.083270649,5,18.80150443,0.996374375,3.290736874,0.452571386,9.520601773,poor
14.3,0.31,0.74,1.8,0.075,6,15,1.0008,2.86,0.79,8.4,good
9.5,0.46,0.49,6.3,0.064,,17,0.9988,3.21,0.73,11,good
8.323025262,0.573790559,0.306093085,1.479301863,0.096297607,9,29.40232712,0.997560931,3.251953458,1.17376596,9.180465425,average
11.6,0.32,0.55,2.8,0.081,35,67,1.0002,3.32,0.92,10.8,good
9.061155861,0.768884414,0.038543345,1.629133105,0.077611559,4.048555174,14,0.997936878,3.291456655,0.541942207,9.763121727,poor
7.8,0.52,0.25,1.9,0.081,14,38,0.9984,3.43,0.65,9,good
6.841482566,0.850078519,0.07755523,3.15331382,0.06509622,13.75552303,29.82965131,0.995057477,3.451482566,0.482665691,11.2244477,poor
8.9,0.59,0.39,2.3,0.095,5,22,0.9986,3.37,0.58,10.3,average
7.2,0.73,0.02,2.5,0.076,16,42,0.9972,3.44,0.52,,average
7.415896816,0.568717755,0.002632473,2.2,0.067789742,6.473505307,14,0.995572768,3.378940212,0.58,10.92632473,poor
8.1,0.87,0,2.2,0.084,10,31,0.99656,3.25,0.5,9.8,average
6.9,0.45,0.11,2.4,0.043,6,12,0.99354,3.3,0.65,11.4,good
8.687578003,0.511304602,0.117328393,2.512421997,0.0903789,20.12421997,49.12421997,0.997674532,3.343726599,0.866210998,10.51304602,good
8.935014853,0.420896138,0.457703268,1.963026735,0.053960832,6,16.07002971,0.994912048,3.335994059,0.715406535,12.44397624,good
9,0.82,0.05,2.4,0.081,26,96,0.99814,3.36,0.53,10,average
7.6,0.715,0,2.1,0.068,30,35,0.99533,3.48,0.65,11.4,good
7.2,0.695,0.13,2,0.076,12,20,0.99546,3.29,0.54,10.1,average
6.538192341,0.581822128,0.09,3.9,0.103998553,14.34548085,30.30903829,0.99626105,3.468906723,0.618177872,11.03454809,poor
7,0.56,0.13,1.6,0.077,25,42,0.99629,3.34,0.59,9.2,average
9.728831711,0.690023911,0.257672515,1.84185835,0.137013437,,14.9674334,0.998677203,3.227116829,0.583534503,9.071168289,poor
7.01586172,0.923052868,0.074102698,2.245856658,0.08358973,12.55516019,66.8413828,0.995281215,3.324621248,0.584931366,9.653787518,poor
10.90193417,0.452548354,0.428365569,1.541827847,0.145836557,34.83655695,49.25483542,0.998336731,3.38,0.86,9.9,poor
11.74182235,0.45277926,0.464727412,3.416889066,0.097077773,28.88829582,48.63896302,0.998179428,3.169142203,0.674700724,9.708311093,poor
7.391222646,0.611170314,0.014973834,1.994148431,0.073882969,13,38.05851569,0.997465956,3.478829686,0.648537108,9.779519508,average
6.748045046,0.505195495,0.007039099,2.035754355,0.070050276,6.765363364,13.76536336,0.995125419,3.461005525,0.589385465,10.71229069,poor
7.2,0.66,0.33,2.5,0.068,34,102,0.99414,3.27,0.78,12.8,good
11.9,0.38,0.49,2.7,0.098,12,42,1.0004,3.16,0.61,10.3,average
7.440343117,0.566251619,0.223862753,1.719885628,0.073812581,35.60228744,60,0.995377484,3.17158826,0.475565386,9.419313767,average
10.20723772,0.664390766,0.393799803,1.905428291,0.055773242,6.018094302,17.0180943,0.997618094,3.167647741,0.480675638,9.989143419,average
8.3,0.65,0.1,2.9,0.089,17,40,0.99803,3.29,0.55,9.5,average
7.610006315,0.609899305,0.005399621,2.456010103,0.05913971,7,12.82001263,0.996296407,3.372800505,0.529402147,10.56601642,average
7.383050801,1.080750592,0.093317189,2.916222687,0.081656173,4.832929716,11.83292972,0.995820048,3.538329297,0.606682811,11.14987891,poor
7.774788707,0.627923549,0.203156935,5.315784674,0.073828371,4.036016133,11.5540242,0.996354131,3.347341049,0.565180081,11.48199193,poor
8.693552597,0.452891191,0.349466096,2.587844106,0.081406984,21,122,0.997690456,3.282283397,0.594069835,9.411786439,average
7.168646715,0.96796198,0.066864672,2.561550912,0.082686467,5.414191606,12,0.995882838,3.544141916,0.612425748,10.68226049,poor
8.4,0.65,0.6,2.1,0.112,12,90,0.9973,3.2,0.52,9.2,average
10.69325325,0.431445733,0.388361503,2.197108535,0.105749406,8.009638218,32,0.998588434,2.892313172,0.500481911,9.599036178,average
7.65133679,0.642292747,0.004594473,2.2,0.068378342,6.081105351,14,0.995872954,3.363244214,0.58,10.94594473,poor
7.293820239,0.496872659,0.16334582,2.508364551,0.271749692,8,14.22908862,0.996525094,3.253526838,0.838146072,10.24800251,good
9.4,0.685,0.11,2.7,0.077,6,31,0.9984,3.19,0.7,10.1,good
6.63460426,0.67504766,0,4.148570208,0.059019064,11.08412766,20.33651065,0.995140796,3.444111064,0.551587234,11.61491914,poor
8.9,0.59,0.5,2,0.337,27,81,0.9964,3.04,1.61,9.5,good
6.5,0.53,0.06,2,0.063,29,44,0.99489,3.38,0.83,10.3,good
8.541308832,0.260396775,0.488605288,1.957832364,0.089917382,9,23,0.996638626,3.36247853,0.666695293,10.3504294,average
8.351170745,0.474682979,0.316956064,1.760536702,0.071026835,9.535122341,73.53512234,0.995914654,3.141404894,0.599765851,9.737121808,poor
7.6,0.49,0.26,1.6,0.236,10,88,0.9968,3.11,0.8,9.3,average
8.3,0.715,0.15,1.8,0.089,10,52,0.9968,3.23,0.77,9.5,average
7.653510254,0.725787696,0.247457178,2.273244873,0.083521834,21,67.46489746,0.996008347,3.154781665,0.472106152,9.2,average
7.443238554,0.571217711,0.219728675,2.405404819,0.066905361,30.41892771,48,0.995242162,3.414595181,0.728647711,12.35270241,good
8.119131721,0.993436113,0.058785397,1.734109521,0.096304588,5.439269857,19,0.995685589,3.343926986,0.448785397,9.643926986,poor
8.111877601,0.6740102,0.088068984,1.96237552,0.081079184,20,35.3118776,0.996477522,3.383366528,0.692079184,10.88960408,average
4.791255322,0.488499123,0.174750689,2.066249061,0.051412428,7.774993739,64.54998748,0.992983738,3.832498122,0.535249311,12.99874718,poor
7.048835708,0.398605001,0.124650713,2.316278569,0.0718605,36.38759523,112.5503809,0.994480313,3.096124048,0.467984763,9.738759523,average
7.8,0.56,0.19,1.8,0.104,,47,0.9964,3.19,0.93,9.5,average
8.1,0.78,0.23,2.6,0.059,5,15,0.997,3.37,0.56,11.3,average
7.911780499,0.723681406,0.006764837,2.2,0.069029451,5.647032501,14,0.99620502,3.3458813,0.58,10.96764837,poor
8.7,0.84,0,1.4,0.065,24,33,0.9954,3.27,0.55,9.7,average
8.9,0.595,0.41,7.9,0.086,30,109,0.9998,3.27,0.57,9.3,average
9.5,0.55,0.66,2.3,0.387,12,37,0.9982,3.17,0.67,9.6,average
7.38691412,0.679322507,0.290350346,2.75981441,0.063039674,11.83410663,56.26635735,0.996531891,3.341658934,0.538341066,9.830139193,poor
7.8,0.82,0.29,4.3,0.083,21,64,0.99642,3.16,0.53,9.4,average
7.122710981,0.531050288,0.462710981,2.1,0.110908439,3.257630063,8.484739874,0.996527891,3.358339307,0.572576301,10.58339307,poor
10.2,0.4,0.4,2.5,0.068,41,54,0.99754,3.38,0.86,10.5,good
7.1,0.36,0.3,1.6,0.08,35,70,0.99693,3.44,0.5,9.4,average
7.462761104,0.220535895,0.475849219,2.001090039,0.055968211,19.07447779,110,0.994938129,3.327765666,0.494368788,9.922343338,average
8,0.64,0.22,2.4,0.094,5,33,0.99612,3.37,0.58,11,average
6.8,0.47,0.08,2.2,0.064,18,38,0.99553,3.3,0.65,9.6,good
8.200734259,0.49200616,0.243308858,2.36691142,0.089862388,29.95168166,66.42752249,0.997914936,3.360892941,0.532415917,9.504831834,average
7.688759371,0.652233555,0.496253124,5.414987505,0.259895921,27.59221483,66.48126562,0.995595212,2.979279766,0.916944216,10.47046211,poor
10.9252512,0.426688006,0.414290923,3.74290923,0.069091491,26.60567262,48.69716369,0.997391363,3.165077797,0.560914911,9.721134523,poor
10.8,0.4,0.41,2.2,0.084,7,17,0.9984,3.08,0.67,9.3,good
5.1,0.410147916,0.024082872,1.77810648,0.042139051,18,88.1094676,0.991321509,3.661390508,0.69168634,13.47958564,good
6.1,0.21,0.4,1.4,0.066,40.5,165,0.9912,3.25,0.59,11.9,good
5.381432813,0.42511173,0.323031552,1.430200446,0.042278508,8.558166295,65,0.991133845,3.531610245,0.442785078,12.5418337,poor
8.7,0.7,0.24,2.5,0.226,5,15,0.9991,3.32,0.6,9,good
8.277507564,0.735440809,0.288085098,1.738298033,0.07559879,6.483282904,23.5167171,0.995063222,3.203161119,0.444164145,10.12917927,poor
9.570892523,0.607874321,0.313879779,2.247759558,0.078619308,5,19.75373407,0.997141785,3.152014571,0.599850637,9.801493628,average
9.4,0.395,0.46,4.6,0.094,3,10,0.99639,3.27,0.64,12.2,good
9.304761397,0.749234852,0.236972655,3.753571047,0.09349319,4.289115283,13.71088472,0.998995239,3.393741555,0.609625738,11.5,average
6.568998126,0.655897939,0.013799625,2.154001249,0.087720225,3.229993754,12.54001249,0.995650498,3.599300562,0.624599875,11.36200375,poor
9.641470273,0.399531102,0.352570686,3.125706862,0.068350848,27.09943451,48.45028274,0.996813662,3.258892557,0.553508482,9.819886902,poor
6,0.51,0,2.1,0.064,40,54,0.995,3.54,0.93,10.7,good
6.8,0.41,0.31,8.8,0.084,26,45,0.99824,3.38,0.64,10.1,good
6.5,0.63,0.33,1.8,0.059,16,28,0.99531,3.36,0.64,10.1,good
11.0852668,0.45713167,0.431421113,1.557105567,0.146142111,35.14211133,49.713167,0.998342842,3.38,0.86,9.9,poor
6.811442086,0.459228778,0.159402966,3.123881361,0.066467655,27,114.9402966,0.994655919,3.099104449,0.592238558,9.167661723,poor
8.2,0.78,0,2.2,0.089,13,26,0.9978,3.37,0.46,9.6,poor
5.4,0.74,0,1.2,0.041,16,46,0.99258,4.01,0.59,12.5,good
9.494631688,0.548255299,0.659060545,2.295302727,0.385161353,12,37,0.998191276,3.170536831,0.669396065,9.599328961,average
7.3,0.74,0.08,1.7,0.094,10,45,0.99576,3.24,0.5,9.8,average
9.3,0.775,0.27,2.8,0.078,24,56,0.9984,3.31,0.67,10.6,good
8.644314907,0.53434026,0.820746744,3.023568163,0.508184151,30.56597395,70.79253256,0.998542406,2.842174356,1.709609726,9.4,poor
6.251424763,0.351982883,0.316406314,2.19306068,0.044722427,19.79182041,77.0693932,0.992752739,3.326369414,0.450817959,10.28327183,average
7.3,0.777811961,0.110977345,2.06790666,0.0629256,22.56746716,48.6790666,0.996635996,3.348512007,0.546790666,9.796280019,poor
7.1,0.66,0,2.4,0.052,6,11,0.99318,3.35,0.66,12.7,good
7.694953045,0.746046552,0.270672927,3.797476523,0.10931025,34.00841159,89.01682318,0.996585998,3.237644754,0.448990609,9.323552455,average
6.7,0.46,0.24,1.7,0.077,18,34,0.9948,3.39,0.6,10.6,good
7,0.622146583,0.084906476,1.818399287,0.075877338,8,24.06133096,0.997693284,3.473253595,0.531226619,9.042931669,average
6.9,0.765,0.18,2.4,0.243,5.5,48,0.99612,3.4,0.6,10.3,good
6.703077119,0.534410113,0.082461695,1.771795198,0.080338483,4,7.656409604,0.99418677,3.367794944,0.442153983,10.7435904,poor
7.6,0.9,0.06,2.5,0.079,5,10,0.9967,3.39,0.56,9.8,average
8.1,0.78,0.23,2.6,0.059,5,15,0.997,3.37,0.56,11.3,average
7.829130013,0.462701502,0.096664001,2.554189992,0.0875411,14.58339998,48.20830001,0.99667502,3.195418999,0.585834,10.20830001,average
10.9,0.39,0.47,1.8,0.118,6,14,0.9982,3.3,0.75,9.8,good
6.712036985,0.57039683,0.051216907,2.183994716,0.095198415,50.16005284,64.12036985,0.995238333,3.549986791,0.702407397,11.64007925,good
6.9,1.09,0.06,2.1,0.061,12,31,0.9948,3.51,0.43,11.4,poor
7.4,0.64,0.17,5.4,0.168,52,98,0.99736,3.28,0.5,9.5,average
10.1,0.45,0.23,1.9,0.082,10,18,0.99774,3.22,0.65,9.3,good
8,0.83,0.27,2,0.08,11,63,0.99652,3.29,0.48,9.8,poor
7.6,0.41,0.14,3,0.087,21,43,0.9964,3.32,0.57,10.5,good
10.35289323,0.580175227,0.407200488,1.919111654,0.10923268,6,17.19111654,0.997657335,3.19484515,0.515867969,10.09555827,average
7.649773057,0.655644858,0.483257686,5.466969258,0.250864091,27.47850475,66.41628843,0.995491899,2.985452599,0.889004024,10.49807742,poor
8.4,0.745,0.11,1.9,0.09,16,63,0.9965,3.19,0.82,9.6,average
6.947089772,0.664346079,0.139077841,1.647089772,0.094111852,19.78155682,84,0.995224429,3.194368864,0.473786818,9.565532955,average
6.240705802,0.796564756,0.229682332,2.896823321,0.104411775,6.098823664,19,0.99287353,3.414388248,0.430435302,11.06164687,poor
9.006513995,0.91047042,0.106791349,1.838721374,0.091133906,5,18.61278626,0.996578191,3.281930025,0.464523537,9.445114504,poor
10.8,0.89,0.3,2.6,0.132,7,60,0.99786,2.99,1.18,10.2,average
9.4,0.685,0.26,2.4,0.082,23,143,0.9978,3.28,0.55,9.4,average
8.7,0.42,0.45,2.4,0.072,32,59,0.99617,3.33,0.77,12,good
11.46425412,0.438089991,0.440204525,4.00204525,0.069402454,26.3983638,48.8008181,0.997633914,3.125689122,0.564024543,9.67967276,poor
7.472739557,0.671596949,0.077723792,2.481826372,0.059999099,4.954565929,8.909131858,0.996242762,3.382726044,0.551363022,10.92271704,poor
6.9,0.63,0.01,2.4,0.076,14,39,0.99522,3.34,0.53,10.8,good
10,0.29,0.4,2.9,0.098,10,26,1.0006,3.48,0.91,9.7,average
8.713809329,0.562541684,0.837936443,4.048254227,0.497365828,30.58194388,68.18968222,0.998311595,2.81698019,1.651563353,9.744385058,poor
7.2,0.63,0.03,2.2,0.08,17,88,0.99745,3.53,0.58,9.8,good
9.8,0.5,0.34,2.3,0.094,10,45,0.99864,3.24,0.6,9.7,good
6.347309274,0.673098291,0.01820038,1.657328268,0.081573283,6,12.60667933,0.995664378,3.534137385,0.568868313,9.942671732,poor
5.9,0.61,0.08,2.1,0.071,16,24,0.99376,3.56,0.77,11.1,good
8.151432089,0.620429627,0.093524279,2.40759677,0.075266503,25.32378607,60.16189304,0.996399427,3.301332513,0.737048557,10.86762139,good
7.582071436,0.746473983,0.261633668,1.936255099,0.083434285,3.545816337,8.454183663,0.997195458,3.34637449,0.439004079,9.645020395,poor
8.84961037,0.440805193,0.45596883,8.665376642,0.059095584,4.866493498,26.267013,0.994855397,3.08732987,0.610275322,12.95994805,good
6.786469245,1.061617311,0.071353075,2.213530755,0.064405923,15.97357642,31.56765377,0.995753658,3.515676538,0.509471528,,poor
8.866324648,0.377635741,0.277195384,2.883112433,0.06122417,5.494370811,31.02251676,0.995630298,3.132241697,0.388761578,9.303377513,poor
6.976171661,0.272851498,0.324765668,1.787238871,0.052587239,36.82552226,127,0.995179164,2.981276113,1.17421798,9.376171661,average
7.836477476,0.391776915,0.280015653,2.418238738,0.077083367,11.45440315,71.45440315,0.994874278,2.962704505,0.553616442,9.363679054,average
7.8,0.44,0.28,2.7,0.1,18,95,0.9966,3.22,0.67,9.4,average
10.3,0.53,0.48,2.5,0.063,6,25,0.9998,3.12,0.59,9.3,good
8.544170731,0.532278354,0.406855488,1.639573173,0.069897378,14.63957317,55.36042683,0.995485674,3.183850611,0.483497561,10.43604268,poor
8.364689711,0.528758844,0.281806751,1.8822074,0.07711037,9.940691333,73.94069133,0.996314815,3.157627653,0.597062058,9.588413178,poor
9.5,0.39,0.41,8.9,0.069,18,39,0.99859,3.29,0.81,10.9,good
6,0.5,0.04,2.2,0.092,,26,0.99647,3.46,0.47,10,average
11.85387391,0.453846418,0.468462464,3.576962732,0.093075932,28.46143272,48.69232091,0.998167689,3.1515341,0.659226936,9.692303727,poor
5.985947605,0.975111714,0.116211864,1.595315868,0.15055393,7.476579341,19.95315868,0.994440836,3.473788136,0.468085516,9.621282747,poor
6.79266133,0.668165332,0.02,1.8,0.050311893,4.981653324,11,0.996214677,3.479633066,0.522935468,9.5,average
7.599207417,0.265741987,0.310554808,1.733861722,0.063259359,19.66138278,101.3306914,0.995062968,3.289603709,0.453227656,9.834654305,average
5.041268114,1.010370773,0.043930297,1.38820911,0.044685576,40.76418221,85.01965148,0.993784279,3.738405625,0.476855763,10.47248792,poor
7.427904846,0.678992071,0.064392599,2.427904846,0.058881163,4.919894273,8.919894273,0.99613095,3.375994714,0.535580969,10.85994714,poor
7.8,0.645,0,2,0.082,8,16,0.9964,3.38,0.59,9.8,good
8.625774844,0.774754799,0.056830134,2.220360928,0.076719106,,14,0.99692397,3.324072186,0.567783443,10.79639072,poor
10.24450307,0.673973418,0.275311248,2.229668716,0.119038405,7,60,0.997384742,2.95913906,1.056556239,10.2,average
8.663918676,0.643566727,0.277319779,2.736495382,0.085550536,17.27216265,46.27216265,0.997550104,3.264536044,0.513628835,9.336288353,poor
6.76862985,0.601568507,0.151766865,1.740524875,0.081647239,3.71895025,8.28104975,0.994867791,3.33,0.42620995,10.37189502,poor
9.393778298,0.474611144,0.365388856,2.426944282,0.092730557,10.25388856,44.49222287,0.998350567,3.313627684,0.602538886,9.903110851,good
7.2,0.37,0.32,2,0.062,15,28,0.9947,3.23,0.73,11.3,good
9.9,0.44,0.46,2.2,0.091,10,41,0.99638,3.18,0.69,,good
7.2,0.659004195,0.031593289,2.311949665,0.077960168,16,86,0.997431992,3.529203356,0.568805034,9.7,average
7.675958241,0.633658463,0,2.431707687,0.065818792,6.75958241,12.75958241,0.996106307,3.375191648,0.567212528,10.84808352,average
5.762263965,0.842138408,0.112596568,1.182210296,0.039192275,36.64420592,85.36298284,0.993509614,3.535840124,0.421922746,9.991824023,poor
8.616246813,0.645469148,0.28427894,2.070938297,0.147276747,23,112.1281489,0.99729222,3.12709383,0.636933198,9.229061703,average
8.363561662,0.822958847,0.140767158,4.321644101,0.073194517,5.046575068,10.68219169,0.997883945,3.416438338,0.512246582,11.31780831,poor
7.2,0.52,0.07,1.4,0.074,,20,0.9973,3.32,0.81,9.6,good
7.09900153,0.311834751,0.502788314,1.483924136,0.067914628,21,122,0.993998457,3.086030958,0.459146283,9.473115326,average
6.446539259,0.603490444,0.169484504,4.047422518,0.082740806,16.35346074,126,0.995981002,3.26586157,0.556980889,9.358615704,average
8.292801162,0.538714493,0.240411362,3.412340865,0.075814887,16,112,0.997576347,3.268817334,0.609845739,9.409255648,average
8.671427954,0.449524159,0.337618636,1.904762728,0.095714409,18.52381364,132.5238136,0.996819051,2.977618636,1.589527185,9.704762728,average
8,0.593768752,0.185631697,7.230834782,0.046252679,12.68736606,60.46895091,0.995743812,3.121263394,0.328137055,9.546895091,poor
7.022425889,0.253231275,0.18201833,1.315698122,0.04676248,9.044851778,62.02242589,0.994056513,3.37798167,0.470224259,10.09327223,poor
8.934168709,0.522949527,0.265116836,2.236166608,0.060616661,15.80833042,34.55333567,0.996262966,3.334883164,0.518933287,9.914832341,poor
6.7,0.41,0.43,2.8,0.076,22,54,0.99572,3.42,1.16,10.6,good
7.6,0.278717378,0.319273552,1.279909301,0.045833148,23,71.92735518,0.992784246,3.093416617,0.677820655,10.44188414,average
7.110287941,0.472057588,0.317942412,2.506996103,0.087238677,16,72,0.997365844,3.439712059,0.591728404,9.472428015,average
6.73469006,0.838159066,0.046938012,2.04353996,0.067837193,3.782300201,11.4353996,0.995843805,3.549592982,0.635646004,11.03061988,poor
12.5,0.38,0.6,2.6,0.081,31,72,0.9996,3.1,0.73,10.5,average
6.767031366,0.375361879,0.48212287,7.12402692,0.067647802,34,149.424574,0.996053162,3.207597308,0.659495061,9.693856508,average
6.904158641,0.392633806,0.244158641,2.1,0.102166346,3.986137864,7.027724272,0.994655626,3.438475165,0.579861379,11.38475165,poor
10.4,0.44,0.42,1.5,0.145,34,48,0.99832,3.38,0.86,9.9,poor
10.24871581,0.576717478,0.414357904,2.160513677,0.170650867,5.302568383,15.39486323,0.998915891,3.214462309,0.596717478,8.884109412,poor
8.648317059,0.810168294,0.02306189,1.938762206,0.073483171,4.564603677,14,0.997266015,3.30693811,0.562584147,10.43398478,poor
7.720121923,0.830701225,0.005304871,2.592682937,0.081310975,5.981707343,14.01829266,0.99752378,3.301097559,0.51945122,9.296341469,average
7.964535787,0.364608077,0.308793763,2.252473413,0.061106166,21,127,0.995127626,3.182907157,0.514041104,9.694330267,average
7.572688633,0.691157376,0.053472128,2.688426239,0.078587866,14.88426239,27,0.997313197,3.280832769,0.606527872,9.227311367,average
8.9,0.29,0.35,1.9,0.067,25,57,0.997,3.18,1.36,10.3,good
8.262565079,0.499593014,0.308561271,1.312825395,0.066523428,27.74869842,118.6256508,0.995552863,3.189947937,0.8354946,9.773828579,poor
6.939672427,0.547488625,0.151901728,1.583803456,0.166066423,16,49.55868971,0.99585505,3.304131029,0.887770699,9.472065515,average
8.43699405,0.657190774,0.270959524,2.29179167,0.085095952,12.6439286,43.8219643,0.9976,3.296300595,0.524520238,9.22739881,poor
7.497368757,0.90288153,0.154394814,2,0.083518419,11.50263124,65.01052497,0.996082711,3.320157875,0.540315749,9.598947503,poor
6.937847357,0.638153946,0.026277017,1.937847357,0.064870755,4.375385952,8.375385952,0.994845911,3.348769298,0.437569471,10.58769298,poor
6.4,0.64,0.21,1.8,0.081,14,31,0.99689,3.59,0.66,9.8,average
7.4,0.55,0.19,1.8,0.082,15,34,0.99655,3.49,0.68,10.5,average
6.3,0.55,0.15,1.8,0.077,26,35,0.99314,3.32,0.82,11.6,good
9.685016054,0.4,0.540749197,6.135667141,0.092431591,6,19.26872993,0.998041042,3.272687299,0.752817517,11.91498395,good
7.5,0.55,0.24,2,0.078,10,28,0.9983,3.45,0.78,9.5,good
7,0.42,0.19,2.3,0.071,18,36,0.99476,3.39,0.56,10.9,average
6.524330881,0.741362498,0.085855637,3.236901966,0.099791569,16.07218136,31.41443627,0.99666738,3.508288725,0.628556373,11,poor
6.525356559,0.743106151,0.085821448,3.231431685,0.099600109,16.08927599,31.4178552,0.996666286,3.508357104,0.62821448,11,poor
7.017357606,0.476528479,0.13793394,2.634715211,0.076,15,36.79339401,0.996459002,3.411651496,0.520990898,10.51405461,average
8.841418337,0.566828367,0.3104851,1.4,0.057217098,5.425712425,26,0.995205106,3.179114639,0.439199479,10.17028497,poor
6.604759738,0.878091554,0.083174675,2.807948065,0.084778182,17.4126623,31.68253246,0.99658159,3.513650649,0.601746754,11,poor
7.4,0.68,0.16,1.8,0.078,12,39,0.9977,3.5,0.7,9.9,good
11.6,0.41,0.58,2.8,0.096,25,101,1.00024,3.13,0.53,10,average
7.378177063,0.985676773,0.210828749,1.902762495,0.115613251,7,21.6850833,0.995476796,3.338895002,0.473287292,,poor
10.06351865,0.369012949,0.414892611,2.146351865,0.073729627,17.46351865,38.9270373,0.996859656,3.188283322,0.590472203,10.49742576,good
7.2,0.36,0.46,2.1,0.074,24,44,0.99534,3.4,0.85,11,good
11,0.3,0.58,2.1,0.054,7,19,0.998,3.31,0.88,,good
11.1,0.31,0.53,2.2,0.06,3,10,0.99572,3.02,0.83,10.9,good
7.834333547,0.767327009,0.306566645,2.803204717,0.069435395,6.437436227,21.87487245,0.994877975,3.274064094,0.441871811,10.73133291,poor
11.21564151,0.460391038,0.433594025,1.567970126,0.146359403,35.35940252,50.03910377,0.998347188,3.38,0.86,9.9,poor
7.053942859,0.443323637,0.278732467,1.547605196,0.060507013,18,93.41267533,0.992775742,3.192535065,0.526985974,11.11514285,average
6.687469997,0.628503269,0.002018538,1.613456923,0.068259869,4,8,0.994178002,3.332018538,0.367308615,10.31253,poor
7.692683229,0.632578438,0.297491216,2.147038155,0.082926832,7.39721384,53.73519077,0.996626481,3.3427874,0.553101153,9.413240461,average
7.43359206,0.403436824,0.372900496,1.925194045,0.068961891,21,66.45800993,0.996392378,3.364502481,0.592060695,10.07021886,average
7.431721411,1.416769769,0,2.015860706,0.125557056,4.831721411,8.831721411,0.994625377,3.47139264,0.394951642,10.81586071,poor
7.5,0.49,0.2,2.6,0.332,8,14,0.9968,3.21,0.9,10.5,good
8.743396869,0.522906059,0.227584751,2.97604153,0.123332267,51.31320626,148,0.996025445,3.094830497,0.738944181,9.9203744,average
5.968651398,0.3751839,0.1098774,1.5301226,0.051554291,19.698774,106,0.993094807,3.53301226,0.62698774,11.6060421,good
7.8,0.63,0.48,1.7,0.1,14,96,0.9961,3.19,0.62,9.5,average
6.722598617,0.824858479,0.044519723,2.051600922,0.069288166,3.741995391,11.51600922,0.995829698,3.553220415,0.634839908,11.05480277,poor
11.01335147,0.585333168,0.569336136,2.146668316,0.071866733,12.13326738,47,0.999893361,3.276665842,0.564666832,9.319990107,poor
8.194425915,0.777212957,0,2.216722256,0.088554073,12.94425915,25.88851829,0.997810033,3.370557409,0.46,,poor
12.4,0.35,0.49,2.6,0.079,27,69,0.9994,3.12,0.75,10.4,good
7.4,0.5,0.47,2,0.086,21,73,0.997,3.36,0.57,9.1,average
7.255971963,0.604387784,0.499220427,2.076012016,0.109522243,3.079959947,8.920040053,0.9971908,3.332398798,0.550809613,10.20404806,poor
7.048039372,0.614489403,0.037165026,2.045669948,0.063456699,29.91339895,43.54330052,0.994351095,3.393700984,0.711258136,10.98504921,good
7.406424746,0.4797906,0.216578227,1.584497322,0.059818441,9.812849491,62.40642475,0.99502419,3.343421773,0.474064247,9.978072576,poor
9,0.69,0,2.4,0.088,19,38,0.999,3.35,0.6,9.3,average
8.227623732,0.503316936,0.214197972,2.355247465,0.066751491,11.27623732,72.72376268,0.995675704,3.114366429,0.45828712,9.355247465,average
7.3,0.69,0.32,2.2,0.069,35,104,0.99632,3.33,0.51,9.5,average
8.8,0.42,0.21,2.5,0.092,33,88,0.99823,3.19,0.52,9.2,average
7.1,0.871410121,0.046922961,5.566661649,0.083435951,3.205135925,13.89743204,0.997969227,3.40102568,0.525128398,10.28205437,poor
8.211552948,0.533789451,0.173039765,4.348832151,0.071550188,18.79229803,71.20770197,0.997532954,3.262462118,0.486423608,9.818844705,average
7.596053865,0.642236768,0.038487002,2.177632319,0.084296054,6,23.29605386,0.998329605,3.521183841,0.85046007,9.692762295,good
6.62414878,0.911052926,0.082528374,2.704539841,0.081158894,17.735813,31.7471626,0.996560908,3.514943252,0.59528374,11,poor
8.946086781,0.301043357,0.28,1.611303734,0.03479998,18,72,0.994426085,3.052782509,0.393826034,10.22956542,average
8.8,0.3,0.38,2.3,0.06,19,72,0.99543,3.39,0.72,11.8,good
7.4,0.55,0.19,1.8,0.082,15,34,0.99655,3.49,0.68,10.5,average
8,0.48,0.34,2.2,0.073,16,25,0.9936,3.28,0.66,12.4,good
8.544454721,0.386129331,0.312258661,1.799281497,0.098312087,30.40862204,48,0.996787679,3.40992815,0.668459842,9.959856299,poor
7.329417068,0.739830228,0.067563101,2.378155048,0.05848738,4.756310097,9.487379806,0.996222524,3.416553485,0.571932091,10.9,poor
8.6,0.55,0.09,3.3,0.068,8,17,0.99735,3.23,0.44,10,average
7.1,0.39,0.12,2.1,0.065,14,24,0.99252,3.3,0.53,13.3,good
8.7,0.78,0.51,1.7,0.415,12,66,0.99623,3,1.17,9.2,average
8.2,0.51,0.24,2,0.079,16,86,0.99764,3.34,0.64,9.5,good
10.2,0.67,0.39,1.9,0.054,6,17,0.9976,3.17,0.47,10,average
8.681430044,0.494190673,0.229821244,1.760476681,0.082203575,26.19761659,46.20357511,0.996860467,3.205868913,0.548023834,10.05928498,average
9.424869559,0.296772379,0.377195907,2.279365727,0.080190486,11,31.13227621,0.99628889,3.315449617,0.836190282,11.96031714,good
7.1,0.862844903,0.039581346,5.248524983,0.086862039,3.694576949,13.65271153,0.997704928,3.403472885,0.537364424,10.47783078,poor
8.497943101,0.406376387,0.396091892,6.270174962,0.050349673,3.030853488,10.0102845,0.995693527,3.282056899,0.559280085,,poor
10.4,0.41,0.55,3.2,0.076,22,54,0.9996,3.15,0.89,9.9,good
11.86212858,0.613849348,0.493697307,1.372425716,0.069778853,,25.96060817,0.997669316,3.068818245,0.590939878,10.40393918,poor
10.03862827,0.595342932,0.265992801,2.365342932,0.082025275,6.34657068,32.82671466,0.997607942,3.055342932,0.557870026,9.434657068,average
12.49608066,0.460043548,0.489782259,4.487371012,0.070335321,26.04354823,49.00870965,0.998101132,3.051437092,0.571262899,9.601306447,poor
7.2,0.6,0.04,2.5,0.076,18,88,0.99745,3.53,0.55,9.5,average
7.116971844,0.545993743,0.114403754,1.856498436,0.080350156,6.129968715,32,0.995792568,3.376949531,0.496498436,9.817507821,average
9.9,0.59,0.07,3.4,0.102,32,71,1.00015,3.31,0.71,9.8,average
11.26790192,0.522078109,0.459025083,2.422348915,0.086782212,13.66761686,47.44412771,0.998711745,3.107736603,0.565587229,10.15587229,average
6.6,0.61,0.01,1.9,0.08,8,25,0.99746,3.69,0.73,10.5,average
6.7,0.46,0.24,1.7,0.077,18,34,0.9948,3.39,0.6,10.6,good
6,0.31,0.47,3.6,0.067,18,42,0.99549,3.39,0.66,11,good
6.995267912,0.215516891,0.251058532,1.642341294,0.050493157,33.68244029,131.8941468,0.991910213,3.165292662,0.484234129,11.24122015,average
6.739888117,0.759750699,0.019002797,1.804986015,0.078299161,6,12,0.996035899,3.539529369,0.62301958,9.937534963,poor
11.9,0.39,0.69,2.8,0.095,17,35,0.9994,3.1,0.61,10.8,good
6.1,0.34,0.25,1.8,0.084,4,28,0.99464,3.36,0.44,10.1,average
6.9,0.52,0.25,2.6,0.081,10,37,0.99685,3.46,0.5,11,average
6.633417819,0.711354391,0.088886073,5.5,0.115440502,9.055696365,17.05569637,0.996566152,3.351113927,0.500582309,,good
6.649795509,0.615601995,0.028673316,1.924897755,0.079253067,8,25,0.997285716,3.650163592,0.707592021,10.40040898,average
7.9,0.4,0.29,1.8,0.157,1,44,0.9973,3.3,0.92,9.5,good
7.439349666,0.56308294,0.122656927,1.878699333,0.078308294,5.478699333,20,0.996821301,3.30563902,0.70947314,9.8872196,good
8.757769015,0.592967057,0.209144492,2.551813788,0.087904172,11.51813788,28,0.99901451,3.420855508,0.693497583,,average
5.91735093,0.418659988,0.254353209,1.921611278,0.033041056,15.39116977,70,0.991340388,3.405205279,0.497792442,12.13470186,good
9.260173308,0.711942592,0.080043327,1.740151645,0.083005416,4.400433271,14,0.997959957,3.300010832,0.535995667,9.760064991,poor
7.209267208,0.197182087,0.388378239,1.225484823,0.03646336,32.02316802,85,0.99185653,3.16034752,0.499073279,10.48494079,average
8.401186227,0.627667992,0.139565276,2.647826382,0.086367595,13,38,0.998846325,3.362213385,0.614664016,9.741106693,average
8.478209129,0.481790871,0.478866559,1.552536096,0.346666209,16,44.78209129,0.996754151,3.051790871,1.161314859,9.592235675,average
7.25483788,0.632741894,0.073629053,1.8,0.091290273,8,23.3629053,0.996716939,3.365322954,0.561854735,9.38225682,average
8.2,0.24,0.34,5.1,0.062,8,22,0.9974,3.22,0.94,10.9,good
11.7811158,0.625622316,0.486866948,1.4,0.070044869,5.960202873,26,0.997722556,3.077561454,0.588856804,10.38408115,poor
8.9,0.62,0.19,3.9,0.17,51,148,0.9986,3.17,0.93,9.2,average
8.1,0.87,0,2.2,0.084,10,31,0.99656,3.25,0.5,9.8,average
6.535037282,0.354187966,0.076067626,1.451277961,0.066373181,29.13959887,119.8604011,0.993902556,3.217208023,0.542791977,9.14187966,average
7.9,0.885,0.03,1.8,0.058,4,8,0.9972,3.36,0.33,9.1,poor
7.1,0.66,0,3.9,0.086,17,45,0.9976,3.46,0.54,9.5,average
6.265974665,0.407729466,0.190723334,3.082451993,0.083566653,22.52578667,58,0.997129049,3.429484267,0.910723334,10.50515733,average
8.855107277,0.580071518,0.484014304,2.014964241,0.253539335,23.07482121,109.8503576,0.996960572,3.099798275,0.977351913,9.314964241,average
5.785580807,0.558558081,0.028865152,1.848464646,0.051598131,5,13,0.994393004,3.645767677,0.572576768,11.4,average
8.6,0.49,0.28,1.9,0.11,20,136,0.9972,2.93,1.95,9.9,good
11.99599641,0.494933274,0.49,2.2,0.085959964,5,14.50667265,1.000098665,3.19,0.434933274,9.39733094,average
7.2,0.695,0.13,2,0.076,12,20,0.99546,3.29,0.54,10.1,average
10.3,0.27,0.56,1.4,0.047,3,8,0.99471,3.16,0.51,11.8,good
8.152186279,0.762360657,0.169334106,2.754672852,0.056929407,5,19,0.994571152,3.303409546,0.416133179,10.62286377,poor
7.769166583,0.922820323,0.114510405,2.1,0.062319531,19.12031266,48.70677089,0.99735056,3.308533854,0.551466146,9.685338544,poor
8.9,0.38,0.4,2.2,0.068,12,28,0.99486,3.27,0.75,12.6,good
7.5,0.52,0.16,1.9,0.085,12,35,0.9968,3.38,0.62,9.5,good
7.520480629,0.787437077,0.18363845,1.920137323,0.103756292,20.12013732,84,0.996238753,3.174382148,0.508409613,9.572082394,average
5.971937626,0.353407574,0.453786189,0.924053463,0.033420936,8.979955447,65,0.989421381,3.253229405,0.354209356,12.12004455,poor
5.6,0.54,0.04,1.7,0.049,5,13,0.9942,3.72,0.58,11.4,average
6.8,0.6,0.18,1.9,0.079,18,86,0.9968,3.59,0.57,9.3,good
7.881672985,0.356651456,0.447556398,2.239366283,0.097635741,46.54524712,132.5452471,0.997089024,3.333008869,0.90208111,9.784841571,average
7.1,0.858751652,0.036072844,5.096489924,0.088499339,3.928477039,13.53576148,0.997578622,3.404642385,0.543211926,10.57139082,poor
10.52795619,0.44121863,0.424265206,1.682794562,0.140430136,,48.06093152,0.998306595,3.359892598,0.842329859,9.881720544,poor
8.152505434,0.40703413,0.214849674,1.833667391,0.078178359,23.33667391,48.83166304,0.996603007,3.256432826,0.651482935,9.367334782,average
7.490831362,0.869579196,0,2.12535067,0.08676052,14.49298661,25.2535067,0.996519764,3.452114263,0.493592199,10.19719464,poor
9.613781188,0.365667782,0.321427584,2.216749109,0.058674911,14.83745545,35.33003564,0.996196947,3.278572416,0.503399287,9.584734851,poor
8.120372628,0.751318344,0.243981369,3.264580794,0.078407453,33.84953422,85.45139735,0.996913222,3.19,0.435046578,9.2,average
9.490788298,0.414824868,0.303377083,2.178508736,0.057859651,13.57017473,34.92543681,0.995852017,3.290175538,0.477105242,9.751316538,poor
7.8,0.545,0.12,2.5,0.068,11,35,0.996,3.34,0.61,11.6,good
6.4,0.69,0,1.65,0.055,7,12,0.99162,3.47,0.53,12.9,good
10.4768753,0.441921883,0.421281255,1.506406275,0.145128126,34.1281255,48.19218826,0.998322563,3.38,0.86,9.9,poor
8.4,1.035,0.15,6,0.073,11,54,0.999,3.37,0.49,9.9,average
8.6,0.49,0.29,2,0.11,19,133,0.9972,2.93,1.98,9.8,average
7.8,0.58,0.02,2,0.073,9,18,0.9968,3.36,0.57,9.5,good
8.461497824,0.498502176,0.393638903,1.669515232,0.295028276,16,44.61497824,0.996550273,3.068502176,1.024282157,9.893039167,average
6.878941641,0.640525222,0.112632048,1.723684471,0.09002636,14.52631058,48.47368942,0.995181054,3.181579624,0.49657913,9.810524233,average
,0.710144927,0.245826088,2.107768117,0.070971015,5,20.07768117,0.996677681,3.129710146,0.589611594,9.915536234,average
8.344354379,0.566612628,0.177903869,2.867747447,0.079991894,15.11291241,111.5564562,0.997067747,3.216774745,0.63217719,9.577417518,average
8.2,0.57,0.26,2.2,0.06,28,65,0.9959,3.3,0.43,10.1,average
7.5,0.725,0.04,1.5,0.076,8,15,0.99508,3.26,0.53,9.6,average
6.894575672,0.39397784,0.235660538,2.090959454,0.101403324,4,7.018081092,0.994608066,3.43801108,0.576202971,11.38191891,poor
6.053686044,0.518624906,0.121881208,1.518812077,0.049858098,11,74.24312453,0.992410034,3.411925131,0.552156227,10.71375094,poor
8.2,0.59,0,2.5,0.093,19,58,1.0002,3.5,0.65,9.3,good
6.839323254,0.897360383,0.060561761,2.028088039,0.059887648,4.056176077,10.88764785,0.99594247,3.521573588,0.634944153,10.9,poor
6.732280979,0.923788474,0.083228098,2.81649567,0.06732281,17.70876083,31.03157062,0.996079716,3.484490923,0.55385951,11.03228098,poor
9.211946151,0.735176665,0.263200598,2.028023933,0.071318564,13.32005983,28,0.996492683,3.227595812,0.67761077,10.3840718,average
7.184827126,0.69468339,0.064050169,2.653166102,0.089518508,14.53166102,27,0.997048746,3.344301016,0.595949831,,average
10.1563126,0.556388771,0.368156298,2.197474962,0.152724644,5.487374808,15.02525038,0.9986202,3.247727465,0.576388771,9.179799693,poor
6.780093872,0.75166206,0.088009387,3.581501954,0.067800939,15.79624511,29.59718384,0.995486836,3.431896741,0.529953064,11.08009387,poor
7.01761998,0.83449649,0.043134998,5.219449885,0.0839222,3,13.86269997,0.997735377,3.430206007,0.533730003,10.37849004,poor
10.11384385,0.631708378,0.391914581,1.909572905,0.057541975,6,16.90427095,0.997638292,3.180530196,0.492017683,9.971281284,average
7.7,0.41,0.76,1.8,0.611,8,45,0.9968,3.06,1.26,9.4,average
9.8,0.25,0.49,2.7,0.088,15,33,0.9982,3.42,0.9,10,good
5.398374431,0.465243835,0.206853699,2.1,0.039911379,16,100.7016256,0.992191138,3.442097534,0.822260091,12.4822758,good
7.4,0.49,0.27,2.1,0.071,14,25,0.99388,3.35,0.63,12,good
7.3,0.365,0.49,2.5,0.088,39,106,0.9966,3.36,0.78,11,average
5.2,0.645,0,2.15,0.08,15,28,0.99444,3.78,0.61,12.5,good
7.2,0.57,0.05,2.3,0.081,16,36,0.99564,3.38,0.6,,good
6.4,0.47,0.4,2.4,0.071,8,19,0.9963,3.56,0.73,10.6,good
5.465806007,0.225354735,0.211677466,0.961290005,0.046141927,15.34838667,88.82580666,0.992866773,3.273999934,0.456129,9.304516002,good
6.911457701,0.597821439,0.079618077,5.5,0.102465307,9.519096169,17.51909617,0.996700538,3.360381923,0.588628272,11.00763847,good
7.250932753,0.381305854,0.363227769,4.84720174,0.051714533,3.763991298,29,0.992331714,3.12658568,0.522360087,11.60867682,poor
6.826796525,0.548431166,0.38145433,1.354738089,0.052429718,,64.17320347,0.9923082,3.260669913,0.403741774,11.149184,poor
7.3,0.43,0.24,2.5,0.078,27,67,0.99648,3.6,0.59,11.1,good
10.4,0.61,0.49,2.1,0.2,5,16,0.9994,3.16,0.63,8.4,poor
11.22308835,0.53899035,0.464484039,1.24461767,0.064118783,5.778025243,25.77802524,0.996553734,3.063340757,0.548945806,10.42219748,poor
7.1,0.6,0,1.8,0.074,16,34,0.9972,3.47,0.7,9.9,good
6.798564164,0.570143584,0.109815393,2.133880318,0.072991795,26.3326496,45.6673504,0.994394992,3.396817088,0.479938464,10.76714528,average
11.1,0.31,0.53,2.2,0.06,3,10,0.99572,3.02,0.83,10.9,good
6.8,0.65,0.02,2.1,0.078,8,15,0.99498,3.35,0.62,10.4,good
7.399435615,0.65642454,0.021452759,1.686036791,0.083128344,6.715091978,12.28490802,0.995818717,3.365641722,0.444132524,9.5,average
8.349820087,0.439042024,0.476706499,1.761796455,0.054445516,10.41197637,69.38203545,0.994125497,3.119736573,0.568239527,10.51161654,poor
8.9,0.565,0.34,3,0.093,16,112,0.9998,3.38,0.61,9.5,average
7.650090903,0.42499091,0.387677261,1.999818194,0.17317817,18.74954548,66.75136355,0.997210055,3.319854555,0.807804525,9.449909097,average
8.509846514,0.715030892,0.418092482,1.826768991,0.307880203,12,65.68307752,0.996378954,3.091907518,0.960831165,9.2,average
7.421422415,0.278748683,0.294999521,8.475002394,0.06135704,26.71427203,110.642864,0.996349986,3.007141763,0.5289284,9.464286398,average
6.067560564,0.475232779,0.019802612,1.854301664,0.077,25,43.69534443,0.99422168,3.475627554,0.539139667,10.89534443,average
6.7,0.56,0.09,2.9,0.079,7,22,0.99669,3.46,0.61,10.2,average
7.7,0.56,0.08,2.5,0.114,14,46,0.9971,3.24,0.66,9.6,good
8.2,0.44,0.24,2.3,0.063,10,28,0.99613,3.25,0.53,10.2,good
8.455780094,0.595256683,0.378128531,1.860549764,0.081609137,14.86054976,55.13945024,0.996689996,3.261192417,0.536531943,10.41394502,poor
6.4,0.57,0.12,2.3,0.12,25,36,0.99519,3.47,0.71,11.3,good
7.9,0.545,0.06,4,0.087,27,61,0.9965,3.36,0.67,10.7,good
11.9,0.38,0.51,2,0.121,7,20,0.9996,3.24,0.76,10.4,good
7.7,0.835,0,2.6,0.081,6,14,0.9975,3.3,0.52,9.3,average
7.844868567,0.792768456,0.284737486,1.914677712,0.076354411,10.84486857,63.15513143,0.995963078,3.286121714,0.469916457,9.978401148,poor
7.453007383,0.70010477,0.069328677,2.466433845,0.058134265,4.93286769,9.13426462,0.996293147,3.390069846,0.556041908,10.9,poor
7.148238639,0.91614054,0.08795956,1.97384024,0.083424833,11.8256016,67.2615976,0.995482578,3.324712232,0.596512032,9.522078879,poor
7.529449936,1.511566438,0,2.064724968,0.132202596,4.929449936,8.929449936,0.99470356,3.488006489,0.397883498,10.86472497,poor
12.15388602,0.463845711,0.470771446,3.384743854,0.099611974,29.84571085,49.76914217,0.998199988,3.176908458,0.681525615,9.715371325,poor
13.7,0.415,0.68,2.9,0.085,17,43,1.0014,3.06,0.8,10,good
10.5,0.59,0.49,2.1,0.07,14,47,0.9991,3.3,0.56,9.6,poor
7.2,0.695,0.13,2,0.076,12,20,0.99546,3.29,0.54,10.1,average
10.4,0.26,0.48,1.9,0.066,6,10,0.99724,3.33,0.87,10.9,good
7.77335619,0.333339048,0.325497429,1.701686666,0.063234419,32,84.28330476,0.995648653,3.324839905,0.578836476,9.424957144,average
7.709183818,0.270734705,0.674857062,3.476122072,0.352489709,5.018367637,10,0.997166204,3.251102058,1.072652945,9.923877928,good
7.137145917,0.914255253,0,2.088120623,0.085643619,15.23758754,24.88120623,0.995881269,3.493067315,0.51034572,10.49503502,poor
7.2,0.39,0.32,1.8,0.065,34,60,0.99714,3.46,0.78,9.9,average
5.5,0.49,0.03,1.8,0.044,28,87,0.9908,3.5,0.82,14,good
8.9,0.35,0.4,3.6,0.11,12,24,0.99549,3.23,0.7,12,good
6.431847983,0.169231282,0.293429783,1.809799379,0.045714891,21.02449845,114.9755016,0.991790822,3.103674767,0.388574457,10.17550155,average
,0.84,0.03,2.3,0.059,32,48,0.9952,3.52,0.56,12.3,good
6.8,0.66,0.07,1.6,0.07,16,61,0.99572,3.29,0.6,9.3,average
8.2,0.35,0.33,2.4,0.076,11,47,0.99599,3.27,0.81,11,good
6.015904673,0.627614299,0.104546044,2,0.080795234,32,44,0.995249781,3.523638131,0.659774642,10.31590467,average
7,0.56,0.17,1.7,0.065,15,24,0.99514,3.44,0.68,10.55,good
12.6,0.39,0.49,2.5,0.08,8,20,0.9992,3.07,0.82,10.3,good
6.9,0.63,0.02,1.9,0.078,18,30,0.99712,3.4,0.75,9.8,average
7.214489278,0.585071247,0.517300131,2.119319037,0.111295335,3.096595187,9,0.997147981,3.33241488,0.569034048,10.32897856,poor
7.201582317,0.408575915,0.298892378,2.103164634,0.082731006,35,71.96835366,0.996982278,3.439841768,0.521582317,9.41107622,average
5.916347414,0.461178168,0.200456573,4.383652586,0.048235634,27,75.41826293,0.993008195,3.295817371,0.407452112,11.31598006,average
7.9,0.72,0.01,1.9,0.076,7,32,0.99668,3.39,0.54,9.6,average
10,0.59,0.31,2.2,0.09,26,62,0.9994,3.18,0.63,10.2,good
10.06998593,0.537396905,0.324992966,2.232005627,0.135977271,5.660028136,14.67994373,0.998343955,3.278805065,0.557396905,9.456045018,poor
8.3,0.6,0.25,2.2,0.118,9,38,0.99616,3.15,0.53,9.8,average
7.451344845,0.446999091,0.167467515,3.429661517,0.1047398,14,32.38334848,0.996617398,3.425299182,0.620199455,10.52966152,poor
7.489220762,0.706017618,0.329282016,1.976048245,0.090862339,3.413172517,8.586827483,0.997194132,3.342395176,0.470838596,9.804192979,poor
5.6,0.5,0.09,2.3,0.049,17,99,0.9937,3.63,0.63,13,average
7.8,0.5,0.17,1.6,0.082,21,102,0.996,3.39,0.48,9.5,average
7.7,0.965,0.1,2.1,0.112,11,22,0.9963,3.26,0.5,9.5,average
8.155059093,0.331123955,0.278763909,1.485396366,0.054775382,18.69662727,75.60674546,0.994190351,3.052472182,0.544831364,10.30561545,average
7.063298772,0.650884126,0.203135222,1.631946553,0.060585441,5.662704437,25.00594334,0.994194057,3.26,0.369702833,10,poor
7.171773501,0.562123218,0.511773501,2.1,0.11287094,3.094088329,8.811823342,0.996948193,3.340349716,0.570940883,10.40349716,poor
7.870962913,0.775159238,0.277527163,1.913975275,0.076128887,,63.43012362,0.996023207,3.264192583,0.478924691,9.886024725,poor
,0.67,0.55,2.3,0.084,6,13,1,3.17,0.71,9.5,good
7.406909644,0.54073892,0.306621908,3.852975262,0.036140111,5,19,0.992743263,3.307332055,0.388675618,11.79961635,poor
7.3,0.835,0.03,2.1,0.092,10,19,0.9966,3.39,0.47,9.6,average
6.960931602,0.626202266,0.146202266,1.949727235,0.066095678,11,75.62568191,0.994431809,3.337650021,0.52117499,9.950818295,poor
10.4,0.24,0.49,1.8,0.075,6,20,0.9977,3.18,1.06,11,good
8.178242472,0.567826812,0.239127647,8.843425298,0.146564593,49.56523412,79.65214883,0.998851266,3.180869788,0.593476588,9.165221294,average
8.3,0.26,0.42,2,0.08,11,27,0.9974,3.21,0.8,9.4,good
4.827637423,0.482506777,0.179458961,2.05982869,0.0509202,7.732191267,64.46438253,0.992904554,3.81965738,0.530541039,12.97948607,poor
10.74248163,0.499560882,0.463479706,3.075083104,0.071673985,17.01097796,41.01097796,0.99866191,3.265312718,0.616630073,9.433699265,average
9.994884046,0.609515844,0.437192423,2.1,0.073214374,13.31120552,46.08160736,0.998755603,3.302295982,0.553112055,9.508160736,poor
7.2,0.36,0.46,2.1,0.074,24,44,0.99534,3.4,0.85,11,good
7.2,0.62,0.06,2.7,0.077,15,85,0.99746,3.51,0.54,9.5,average
6.873131652,0.688425208,0.036121009,2.16565826,0.065955518,36.3434174,63.26868348,0.99690621,3.449092434,0.702081791,9.819394956,average
8.045634335,0.727961288,0,2.561161374,0.080184515,11.96602146,23.86408584,0.997874667,3.382378498,0.463397854,9.67475279,poor
11.5,0.18,0.51,4,0.104,4,23,0.9996,3.28,0.97,10.1,good
7.1,0.43,0.42,5.5,0.07,29,129,0.9973,3.42,0.72,10.5,average
7.5,0.815522515,0.01681181,2.101741717,0.084336236,5.831881902,12,0.996565331,3.37362362,0.508492991,9.952177146,poor
5.4,0.74,0.09,1.7,0.089,16,26,0.99402,3.67,0.56,11.6,good
8.237834597,0.827349851,0.278828073,1.923438549,0.081946465,6.747769355,23.25223064,0.995645093,3.232254629,0.457388468,10.06305766,poor
7.40457427,0.669135932,0.390953032,2.012325313,0.097634058,3.292248957,8.707751043,0.997192922,3.338767469,0.49986025,9.949301252,poor
15.03595387,0.605298275,0.509593059,4.029849752,0.093968786,10,23.20624272,1.002515804,2.946811554,0.726594223,11.17218495,average
8.58150096,0.505680566,0.418987812,1.5462476,0.064951123,14.5462476,55.4537524,0.994977049,3.15118666,0.461099424,10.44537524,poor
6.6,0.96,0,1.8,0.082,5,16,0.9936,3.5,0.44,11.9,good
9.358395376,0.52335815,0.241313955,2.6,0.088058372,18.67883732,77,0.998943939,3.179416284,0.51,9.490511643,average
6.997327148,0.654699304,0.158997681,2.098663574,0.074040093,8,25,0.996069355,3.372138281,0.551202783,9.705345703,average
7.173546257,0.406636008,0.413124453,4.689966983,0.049687555,18.07411899,65.26453743,0.99161505,3.072325989,0.435131056,12.17674011,poor
5.989551603,0.351268734,0.457686426,0.908955769,0.033156726,8.99253686,65,0.9893703,3.244925673,0.351567259,12.10746314,poor
6.791537431,0.491329832,0.237098548,1.9421419,0.057312615,23.01208938,81.46977654,0.995428844,3.314939553,0.538065698,9.498791062,poor
7.711583946,0.41123269,0.269128677,4.139108456,0.098420803,27.84059436,90.07970282,0.99751003,3.137247549,0.551668352,9.291286765,average
8.457580822,0.405706986,0.296452295,3.078151713,0.127226147,27.64267466,90,0.998304523,3.15,0.598586027,8.885604795,average
8.986323304,0.735846924,0.192768717,6.353743452,0.100478874,31.8925131,76.83061518,0.998480979,3.181530759,0.547231283,9.344625655,average
11.4495918,0.265709571,0.531875977,2.103751954,0.255848359,6,18,0.9987646,3.251582422,0.633915234,10.15416015,average
6,0.49,0,2.3,0.068,15,33,0.99292,3.58,0.59,12.5,good
12.56989844,0.53169668,0.535535547,2.637373047,0.080204062,5.325253906,18.67474609,0.999725254,3.146505078,0.543979688,10.78201758,average
6.5,0.34,0.27,2.8,0.067,8,44,0.99384,3.21,0.56,12,good
6.2,0.6,0.08,2,0.09,32,44,0.9949,3.45,0.58,10.5,average
7.427184358,0.424960284,0.243998222,2.137599289,0.077127979,20.87202133,52.62400711,0.996564784,3.365119147,0.627519858,9.262400711,average
5.9,0.29,0.25,13.4,0.067,72,160,0.99721,3.33,0.54,10.3,good
6.950826985,0.424427483,0.267541349,1.678689569,0.059901718,25.39344785,118.1803435,0.995067223,3.332458651,0.511803435,9.3,average
6.694213496,0.587079591,0.191772161,1.752983776,0.072650999,11,64.88245944,0.996524051,3.51061486,0.572947566,9.441048671,average
7.4,0.55,0.19,1.8,0.082,15,34,0.99655,3.49,0.68,10.5,average
6.330613749,0.653036109,0.064592062,1.445920624,0.061066428,12,80.92346563,0.994442506,3.319974734,0.44612275,9.499747342,average
8.356025951,0.494103805,0.304332526,1.804233562,0.073211678,9.68077854,73.68077854,0.996058368,3.147231142,0.59879481,9.683714535,poor
7.2,0.725,0.05,4.65,0.086,4,11,0.9962,3.41,0.39,10.9,average
7.729519415,1.279946688,0.012951942,1.970480585,0.102893221,4.568268616,8.568268616,0.995813425,3.439557606,0.369778803,10.12288351,poor
7.4,0.35,0.33,2.4,0.068,9,26,0.9947,3.36,0.6,11.9,good
7.2,0.56,0.26,2,0.083,13,100,0.99586,3.26,0.52,9.9,average
6.513743227,0.874654606,0.038473781,2.812224263,0.076587703,16.14502709,26.13743227,0.994741913,3.513052438,0.537175406,11.15725135,poor
7.1,0.69,0.08,2.1,0.063,42,52,0.99608,3.42,0.6,10.2,good
8.4,0.62,0.12,1.8,0.072,38,46,0.99504,3.38,0.89,11.8,good
8.4,0.56,0.04,2,0.082,10,22,0.9976,3.22,0.44,9.6,average
10.2,0.41,0.43,2.2,0.11,11,37,0.99728,3.16,0.67,10.8,average
7.837344659,0.457053642,0.183070631,1.525310682,0.074904515,20.8132767,102,0.995421158,3.369460437,0.468796602,9.761412614,average
6.342097545,0.559283595,0.14162483,1.844017735,0.073200887,13.77991132,45,0.994205141,3.402008868,0.562008868,10.60384038,average
7.155650383,1.014154755,0.080322879,2.558879174,0.073209871,4.508071976,11.50807198,0.995859031,3.53508072,0.619677121,11.05242159,poor
7.3,0.59,0.26,7.2,0.07,35,121,0.9981,3.37,0.49,,average
7.107417702,0.669425384,0.003374543,2.2,0.087226189,3.674908558,13.33745428,0.995951323,3.518763716,0.606501829,11.33127286,poor
10.84416417,0.444230135,0.434805472,2.134520248,0.129136994,32.30794601,48.21150675,0.998273469,3.310202773,0.798663043,9.836547975,poor
6.7,0.48,0.02,2.2,0.08,36,111,0.99524,3.1,0.53,9.7,average
10,0.56,0.24,2.2,0.079,19,58,0.9991,3.18,0.56,10.1,good
8.792906323,0.55360192,0.215702483,3.268147304,0.138086084,51.21418735,148,0.99683938,3.118595035,0.799345714,9.692630915,average
7.6,0.55,0.21,2.2,0.071,7,28,0.9964,3.28,0.55,,average
10,0.46,0.44,2.9,0.065,4,8,0.99674,3.33,0.62,12.2,good
8.74039188,0.598512433,0.361270538,2.225516211,0.104682893,5,21.89359459,0.998323346,3.372128108,0.575743783,10.21487567,average
8.481748644,0.525429512,0.185912568,2.422622966,0.075088962,24.68174864,130,0.99697701,3.245912568,0.520904919,9.568174864,average
6.9,0.48,0.2,1.9,0.082,9,23,0.99585,3.39,0.43,9.05,poor
7.1,0.43,0.42,5.5,0.070179401,28.82059876,128.8205988,0.9973,3.42,0.718205988,10.5,average
9.134047067,0.562542351,0.23021412,1.619729412,0.081319059,4.394588242,11,0.996396449,3.262649411,0.575028234,10.27998825,average
7.8,0.53,0.01,1.6,0.077,3,19,0.995,3.16,0.46,9.8,average
7.734004867,0.565809306,0.315251825,5.2,0.071454671,19,98.83501217,0.995864957,3.143299757,0.444848905,9.808753042,good
7.4,0.615882199,0.00882356,1.976471202,0.074117644,13,38.23528798,0.997517646,3.48352932,0.639412041,9.752942405,average
7.147009997,0.131164874,0.30117525,3.029485005,0.0208206,14.9412375,36.9412375,0.990251545,3.042917373,0.5223505,11.94113375,good
10.4,0.34,0.58,3.7,0.174,6,16,0.997,3.19,0.7,11.3,good
7.2,0.695,0.13,2,0.076,12,20,0.99546,3.29,0.54,10.1,average
15.5,0.645,0.49,4.2,0.095,10,23,1.00315,2.92,0.74,11.1,average
7.8,0.48,0.68,1.7,0.415,14,32,0.99656,3.09,1.06,9.1,good
12.8,0.615,0.66,5.8,0.083,,42,1.0022,3.07,0.73,10,good
6.7,0.64,0.23,2.1,0.08,11,119,0.99538,3.36,0.7,10.9,average
8.8,0.45,0.43,1.4,0.076,12,21,0.99551,3.21,0.75,10.2,good
8.7,0.69,0.31,3,0.086,23,81,1.0002,3.48,0.74,11.6,good
10.8,0.47,0.43,2.1,0.171,27,66,0.9982,3.17,0.76,10.8,good
5.6,0.66,0,2.2,0.087,3,11,0.99378,3.71,0.63,12.8,good
10.3,0.43,0.44,2.4,0.214,5,12,0.9994,3.19,0.63,9.5,good
6.7,1.04,0.08,2.3,0.067,19,32,0.99648,3.52,0.57,,poor
7.176821641,0.39841082,0.3,1.984108205,0.082304649,35,71.53643282,0.996983775,3.44,0.515364328,9.4,average
8.433884024,0.610857633,0.371012308,1.91528994,0.084510367,14.91528994,55.08471006,0.99698833,3.280351479,0.549669586,10.40847101,poor
7.6,0.42,0.25,3.9,0.104,28,90,0.99784,3.15,0.57,9.1,average
8.075117859,0.585007857,0.231259822,2.125039286,0.101883447,9,38.37480357,0.997112001,3.273685177,0.563732321,9.612598216,average
8.331440397,0.358573399,0.3471422,2.291435798,0.072114496,24,125.371422,0.996126897,3.26542936,0.56542936,9.919990803,average
7,0.78,0.08,2,0.093,10,19,0.9956,3.4,0.47,10,average
8.179401445,0.876892673,0.214383902,2.18239422,0.086558101,8.029927749,23.20598555,0.996566654,3.284718266,0.467940145,9.91760578,poor
7.229090521,0.35072673,0.404728009,4.912728436,0.04669082,3.43635782,29,0.991589078,3.089453886,0.525636422,11.99091588,poor
13.7,0.415,0.68,2.9,0.085,17,43,1.0014,3.06,0.8,10,good
7.378598086,0.735719617,0.07,1.714267943,0.085215263,15.07133971,48.21401914,0.995150552,3.138548325,0.482853589,9.964330144,average
7.376812818,0.597681282,0.26,7.276812818,0.07,,121,0.998176813,3.37,0.49,9.4,average
7.094981791,0.872532714,0.049581816,5.670727113,0.082117092,3,13.99163632,0.998059007,3.40184001,0.520836368,,poor
5.695298235,0.167960052,0.308533873,5.179044548,0.040089231,7.890040498,78.92669367,0.992489497,3.293768962,0.398430228,10.44868557,good
6.9,0.765,0.02,2.3,0.063,35,63,0.9975,3.57,0.78,9.9,average
7.2,0.58,0.03,2.3,0.077,,28,0.99568,3.35,0.52,10,average
13,0.47,0.49,4.3,0.085,6,47,1.0021,3.3,0.68,12.7,good
7.5,0.27,0.34,2.3,0.05,4,8,0.9951,3.4,0.64,11,good
11.202963,0.447647267,0.446765433,2.647089993,0.11632275,30.94109335,48.38236333,0.99823588,3.253820101,0.749114634,9.785291001,poor
7.176129985,0.892339365,0.035225997,4.152577547,0.09409675,5,12.80967504,0.99677161,3.434742245,0.575709749,11.03806499,poor
7.6,0.365305913,0.426122536,1.775509855,0.07209523,5.585032851,54.70748357,0.995043536,3.176054271,0.47047615,9.541496715,average
7.4,0.635,0.1,2.4,0.08,16,33,0.99736,3.58,0.69,10.8,good
6.84822148,0.759073616,0.016294463,1.818527685,0.079111661,6,12,0.996133399,3.511091861,0.604061241,9.903680787,poor
7.223728753,0.343220254,0.414915369,4.928813741,0.045457613,3.355931297,29,0.991406778,3.08033888,0.526440687,12.08474682,poor
6.858880848,0.921411478,0.072335746,2.840144732,0.063878341,13.23357455,30.17761696,0.994980924,3.468880848,0.467007237,11.27664254,poor
8.907697332,0.741148068,0.147312466,2.453816007,0.085384213,9,30,0.998223066,3.336151334,0.638460534,10.45381601,average
7.6,0.35,0.6,2.6,0.073,23,44,0.99656,3.38,0.79,11.1,good
10.79946328,0.414986582,0.454986582,1.545889242,0.070915101,4.167113935,8.917784837,0.995662859,3.165013418,0.530795316,10.98355697,average
7.306677737,0.734490867,0.091352153,1.701669434,0.102630975,9.966611314,45,0.995777362,3.236995018,0.512687701,9.793322263,average
8.261517026,0.336308978,0.381845511,2.407724461,0.077662353,12.12303405,57.12303405,0.997455505,3.279084211,0.456466254,9.092275539,good
6.58990858,0.343486287,0.304770667,5.742201907,0.059403676,11.21100953,86.60550477,0.99533835,3.38128438,0.676146859,11.1706419,average
7.999658848,0.54632642,0.242686955,2.345237449,0.100811204,30.6360535,119.1819733,0.997171103,3.162738128,0.50727893,9.1,average
7.2,0.33,0.33,1.7,0.061,3,13,0.996,3.23,1.1,10,good
8.081241351,0.504717246,0.313462056,1.938068968,0.256696544,14.23862064,38,0.996773986,3.18892415,0.928689643,9.552275872,average
6.531029678,0.22413729,0.190114925,4.48276129,0.095827613,15.98850753,115,0.993749418,3.022413419,0.441723871,9.598850753,average
6.803809829,0.485099611,0.430190491,1.564155886,0.088226843,13.09437257,96,0.99578303,3.248865783,0.601887451,9.364155886,average
8.2,0.26,0.34,2.5,0.073,16,47,0.99594,3.4,0.78,11.3,good
7.2,0.695,0.13,2,0.076,12,20,0.99546,3.29,0.54,10.1,average
8.275922442,0.411449863,0.455553465,1.512038779,0.288143105,16.74692519,45,0.996732434,3.127100275,1.082310809,9.23734626,average
12,0.37,0.76,4.2,0.066,7,38,1.0004,3.22,0.6,13,good
8.121081881,0.736378494,0.023216212,1.296486353,0.075145939,,47.35675765,0.995206432,3.306134988,0.576783788,10.05729694,average
8,0.52,0.25,2,0.078,19,59,0.99612,3.3,0.48,10.2,average
8.7,0.78,0.51,1.7,0.415,12,66,0.99623,3,1.17,9.2,average
,0.607516998,0.666601914,4.733592345,0.37828833,29.08276675,67.33300957,0.996949485,2.898364091,1.283194115,10.10847093,poor
6.610686961,0.384992349,0.264875305,1.582137392,0.051819844,20,111.2737913,0.993517537,3.355241738,0.557496175,9.808346085,average
7.71661278,0.960121862,0.164983834,3.793160896,0.07820194,4.56677444,11.56677444,0.995769674,3.483680677,0.591335489,11.37329022,poor
11.90097111,0.477718499,0.577621388,1.424757224,0.078446589,22.75242776,41.75242776,0.997839078,2.944757224,0.699805779,10.35145666,good
8.3,0.6,0.25,2.2,0.118,9,38,0.99616,3.15,0.53,9.8,average
5.6,0.31,0.78,13.9,0.074,23,92,0.99677,3.39,0.48,10.5,good
6.153296007,0.551098669,0.020439468,1.706592014,0.069519174,14.74450666,26.25549334,0.995034421,3.380439468,0.483214135,9.678845341,average
7.07005753,0.497703102,0.41005753,2.1,0.108802301,3.433141567,8.133716867,0.996076826,3.377645572,0.574331416,10.77645572,poor
8.860368633,0.635771211,0.198988882,2.94494441,0.092039848,13,38,0.999472974,3.308191926,0.598457578,9.714095963,average
9.399158463,0.34067323,0.369579231,2.201683075,0.075004208,5,13,0.997999158,3.220147269,0.619852731,9.202524612,average
8.664517937,0.670829596,0.047926009,2.639630045,0.08847926,18.04147982,38.95852018,0.998535118,3.321244395,0.576036996,9.395852018,average
6.189939637,0.86461603,0.134911133,1.663313212,0.135254527,,20.63313212,0.994755324,3.455088867,0.459585848,,poor
6.7,0.48,0.08,2.1,0.064,18,34,0.99552,3.33,0.64,9.7,average
7.211080644,0.480994086,0.220483333,2.443182794,0.07117328,7.321021507,25,0.996658805,3.384459678,0.533096237,10.43210215,average
8.432268525,0.587176504,0.744089508,4.423641967,0.432142208,29.7607832,67.72044754,0.997565512,2.861557484,1.449792443,9.943809795,poor
11.6,0.475,0.4,1.4,0.091,6,28,0.99704,3.07,0.65,10.03333333,good
7.6,0.46,0.11,2.6,0.079,12,49,0.9968,3.21,0.57,10,average
8.6,0.648011241,0.258115002,5.51309988,0.104621415,30.6980833,134.3019167,1.000252717,3.313961666,0.906964982,9.33019167,average
7.967407951,0.47248685,0.194888807,3.375131498,0.115022239,27.73756575,90,0.997986963,3.152624343,0.604116453,9.178730275,average
7.514949338,0.721926734,0.0063788,1.878737335,0.095322214,6.212626655,12,0.995350334,3.355747467,0.547474669,10.68106002,average
7.882914817,0.760919742,0.259462333,1.918040372,0.076019104,10.76582963,62.88291482,0.996224945,3.300537667,0.478829148,9.835125555,poor
7.9,0.65,0.01,2.5,0.078,17,38,0.9963,3.34,0.74,11.7,good
6.4,0.57,0.02,1.8,0.067,4,11,0.997,3.46,0.68,9.5,average
10.3,0.27,0.24,2.1,0.072,15,33,0.9956,3.22,0.66,12.8,good
7.5,0.4,0.12,3,0.092,29,53,0.9967,3.37,0.7,10.3,good
10.7,0.43,0.39,2.2,0.106,8,32,0.9986,2.89,0.5,9.6,average
6.280510009,0.3859745,0.313260487,2.080510009,0.057715849,14.40255004,24.40255004,0.994626193,3.4459745,0.78143899,11.159745,good
9.2,0.63,0.21,2.7,0.097,29,65,0.9988,3.28,0.58,9.6,average
9.9,0.57,0.25,2,0.104,12,89,0.9963,3.04,0.9,10.1,average
7.621584124,0.33623434,0.340264021,1.475775671,0.055191752,10.59471959,79.40528041,0.992802482,3.172181536,0.478128732,11.28105608,average
5.633179561,0.349829249,0.28370559,1.917674195,0.040021688,6.784494634,62.56898927,0.991151315,3.53534839,0.42629441,12.55302259,poor
6.7,0.16,0.64,2.1,0.059,24,52,0.99494,3.34,0.71,11.2,good
8,0.67,0.3,2,0.06,38,62,0.9958,3.26,0.56,10.2,good
8.947600323,0.620626807,0.266137774,2.145510968,0.064269342,,28,0.995916996,3.207035581,0.730479935,10.7365329,average
6.749974168,0.602501292,0.134976751,1.724978473,0.080248063,3.750043054,8.249956946,0.994767361,3.33,0.419991389,10.37500431,poor
10.9,0.39,0.47,1.8,0.118,,14,0.9982,3.3,0.75,9.8,good
6.2,0.43,0.22,1.8,0.078,21,56,0.99633,3.52,0.6,9.5,good
6.910822676,0.682944264,0.173765986,1.643290704,0.067826875,12.89177324,67,0.993977925,3.216234014,0.542034739,9.935063944,poor
7.3,0.585,0.18,2.4,0.078,15,60,0.99638,3.31,0.54,9.8,average
7.486500954,0.680275334,0.091148506,2.482001272,0.060519822,4.910006358,9,0.996359147,3.377750159,0.550899936,10.87300191,poor
9.5,0.78,0.22,1.9,0.077,6,32,0.9988,3.26,0.56,10.6,good
8.8,0.41,0.64,2.2,0.093,9,42,0.9986,3.54,0.66,10.5,average
8.685435414,0.806456459,0.024453828,1.910923439,0.073854354,4.518205732,14,0.997326333,3.305546172,0.560728229,,poor
12.16390912,0.409268596,0.492146281,3.999041395,0.076648677,19.21462807,43.85851229,0.997701271,3.04790165,0.601414877,9.714628073,average
7.499568545,0.755002697,1.08E-05,1.899946068,0.083996764,6,12,0.996719612,3.340113257,0.490075505,9.70013483,poor
7.3,0.67,0.26,1.8,0.401,16,51,0.9969,3.16,1.14,9.4,average
12.39347352,0.458985462,0.486449117,4.347819319,0.073804517,26.40581515,48.94927311,0.99811116,3.066739875,0.584710799,9.615218068,poor
9.55625552,0.882187224,0.275625552,2.35625552,0.08512511,30.4374448,146.1251104,0.997856256,3.24,0.53,9.4,average
7.396616393,0.566538932,0.418263353,2.17835304,0.279573584,27.34610682,74.81736647,0.996167754,3.071589889,1.057586631,9.4,poor
6.989755141,0.941448086,0.055367289,1.959020563,0.084797355,12.10244859,67,0.995457909,3.334632711,0.593340841,9.461469156,poor
7.21626945,0.740364691,0.014221603,1.694810685,0.063785412,4,8,0.995495933,3.344221603,0.351037863,9.78373055,poor
8,0.715,0.22,2.3,0.075,13,81,0.99688,3.24,0.54,9.5,good
8.458206193,0.593528087,0.378917013,1.854484517,0.081287679,14.85448452,55.14551548,0.996656941,3.259069581,0.535076284,10.41455155,poor
7.8,0.53,0.01,1.6,0.077,3,19,0.995,3.16,0.46,9.8,average
6.278821132,0.559624393,0.022949052,0.973726289,0.043294905,33.32707321,96.9356639,0.992487077,3.229946073,0.471474526,9.903216805,poor
6.507251432,0.521684891,0.170426555,1.402985884,0.047174887,5.008531096,25.98720336,0.993212797,3.26,0.320639832,10,poor
7.208667499,0.927483812,0.0682665,3.05899126,0.055291719,19.77166875,49.22833125,0.996152658,3.259767124,0.481500624,10.01966375,poor
6.6,0.56,0.14,2.4,0.064,13,29,0.99397,3.42,0.62,11.7,good
6.9,0.58,0.2,1.75,0.058,8,22,0.99322,3.38,0.49,11.7,average
9.56682885,0.381927589,0.443511735,1.899513449,0.063648826,23,142.4439038,0.996687808,3.11317115,0.588926732,9.455609617,average
7.334952713,1.322904131,0,1.967476356,0.118976784,4.734952713,8.734952713,0.994547962,3.454941961,0.392048581,10.76747636,poor
7.5,0.65,0.18,7,0.088,27,94,0.99915,3.38,0.77,9.4,average
6.965221192,0.189184735,0.395108411,1.505984436,0.038445795,14.08152649,55.24457947,0.991209801,3.103642682,0.688152649,11.52445795,good
10.84774714,0.451193679,0.427462452,1.537312262,0.145746245,34.74624524,49.11936786,0.998334925,3.38,0.86,9.9,poor
12.45414851,0.469170299,0.597903954,2.045851494,0.075126634,5.770742531,14.77074253,0.99912096,3.035851494,0.771419288,10.06244552,average
7.983975131,0.407606632,0.278239337,6.196836474,0.050848696,34.54401658,120.5440166,0.995510014,3.173927129,0.480880332,10.22077016,average
6.414730913,0.331161452,0.332946183,1.831586358,0.055747872,31.46317272,99.61048185,0.992725453,3.233371089,0.641473091,10.98102002,average
6.417018321,0.61425458,0.041170878,2.405309544,0.08663784,22.37236259,31.4574542,0.995251579,3.491170878,0.616276374,10.7574542,average
7.016713201,0.171810924,0.228440363,5.000279207,0.057674112,27.16713201,127.167132,0.995634264,3.311727161,0.460139603,9.583845213,average
6.165932857,0.660211019,0.021064218,1.619143759,0.081191438,6,12.7021406,0.995498275,3.564684993,0.581278278,9.980856241,poor
8.462605598,0.653861272,0.273008448,2.327647837,0.085300845,12.95126718,43.97563359,0.9976,3.29373944,0.523495776,9.23252112,poor
6.987561431,0.63053183,0.196219285,3.549590461,0.073751229,15,37.74959046,0.996063846,3.423715189,0.508739762,10.84991809,average
7.832642968,0.731259351,0.254937867,1.882850077,0.074309861,10.66528594,62.83264297,0.99609826,3.305062133,0.47832643,9.85020711,poor
7.342146746,0.572113905,0.126308876,2.121073373,0.081631544,10.10536686,23.36845562,0.99663481,3.386315444,0.441053669,9.252650592,poor
8.2,0.28,0.4,2.4,0.052,4,10,0.99356,3.33,0.7,12.8,good
7.422700095,0.588895853,0.112883318,2.161350047,0.081564417,10.30675024,23.43558341,0.996777793,3.385644166,0.443067502,9.289570877,poor
8.379624145,0.58849658,0.242977223,2.016617305,0.083830865,10.38872435,74.38872435,0.996756875,3.175548974,0.594075171,9.424134404,poor
9.857402176,0.674694356,0.302177676,1.891308529,0.149079281,4.582617058,15.16523412,0.998815664,3.214259782,0.592435535,8.942597824,poor
8.4,0.36,0.32,2.2,0.081,32,79,0.9964,3.3,0.72,11,good
7.2,0.49,0.24,2.2,0.07,5,36,0.996,3.33,0.48,9.4,average
7.285858793,0.904415536,0.128542586,2.283261177,0.065326118,18.16305887,32.66955291,0.996423088,3.471457414,0.556608942,10.71544001,poor
9.094428846,0.56,0.248799281,2.720172976,0.095652252,14.73390992,46,0.997687128,3.144591711,0.850816579,9.893563968,good
6.4,0.64,0.21,1.8,0.081,14,31,0.99689,3.59,0.66,9.8,average
10.98832871,0.454708218,0.429805478,1.549027392,0.145980548,34.98054785,49.47082177,0.998339611,3.38,0.86,9.9,poor
6.587942352,0.649031226,0.171394716,1.795980784,0.105404324,8.479903919,21.95980784,0.995368911,3.418605284,0.443002402,9.24503603,poor
11.55453756,0.349292228,0.536869301,2.038384715,0.095282241,7,19.61615285,0.998985845,3.266869301,0.806061658,10.43838472,good
5.344890134,0.433096151,0.159311127,1.851703289,0.051517033,8.310370889,64.06888733,0.993586223,3.738607138,0.53206662,12.16888733,poor
8.413464411,0.695582002,0.20217393,2.145862558,0.059165498,12.91725116,33.2931279,0.995414558,3.381584838,0.457517535,10.43688628,poor
7.089702008,0.859078655,0.092059598,4.308128912,0.047856376,19.47425502,49.52574498,0.994983822,3.194336105,0.392276506,10.43604297,poor
6.7,0.32,0.44,2.4,0.061,24,34,0.99484,3.29,0.8,11.6,good
7.9,0.492200117,0.322200117,1.922001167,0.082440023,16.55997665,143.7799883,0.9968,3.2,0.55,9.5,average
8.591475752,0.470669762,0.467320951,2.399391125,0.074018266,7,28.99391125,0.997886483,3.081643962,0.460365325,9.503044374,average
7.2,0.49,0.18,2.7,0.069,13,34,0.9967,3.29,0.48,9.2,good
7.395233925,0.712032066,0.205935869,4.880329414,0.053498265,17.6793762,51.65077975,0.994549575,3.162634309,0.355649904,10.86889083,poor
6.722887546,0.957604834,0.082288755,2.66620074,0.067228875,18.08449815,31.31337361,0.996196194,3.494823699,0.558556227,11.02288755,poor
8.455614525,0.322826351,0.329643389,0.907132218,0.047101676,5.295903168,24.70409683,0.992450987,3.072549349,0.384795158,10.42602421,poor
6.786839465,0.472984392,0.149471572,1.911399109,0.089552341,4,7.377201782,0.994371047,3.398507804,0.500787626,11.02279822,poor
7.3,0.35,0.24,2,0.067,28,48,0.99576,3.43,0.54,10,poor
6.9,0.74,0.03,2.3,0.054,7,16,0.99508,3.45,0.63,11.5,good
6.34647984,0.77126966,0.045492136,2.112679441,0.141113126,6.267600799,11.7323992,0.995172823,3.57338004,0.518028024,10.96056048,average
7.6,1.58,0,2.1,0.137,5,9,0.99476,3.5,0.4,,poor
7.384931722,0.568904411,0.108629728,4.445204834,0.082534296,5.773975829,29,0.996887679,3.354383927,0.502260242,9.263694866,poor
9,0.45,0.49,2.6,0.084,21,75,0.9987,3.35,0.57,9.7,average
6.961011904,0.596607142,0.088531746,1.714682539,0.075,16,50.07341269,0.996201389,3.370734127,0.645089286,9.5,average
7.676890181,1.018401361,0.06449174,1.691311953,0.110142469,5.72458698,19,0.995377446,3.372458698,0.45449174,9.672458698,poor
8.69166729,0.922785273,0.069956026,1.959648205,0.071978088,5,19,0.9958943,3.300570172,0.436008795,9.771051648,poor
7.542234845,0.377547351,0.171190024,1.75849117,0.061740215,19.14078282,88.57039141,0.995253993,3.261916038,0.498664773,9.271843437,average
11.6,0.41,0.54,1.5,0.095,22,41,0.99735,3.02,0.76,9.9,good
8.3,0.66,0.15,1.9,0.079,17,42,0.9972,3.31,0.54,9.6,good
7.564280711,0.398217538,0.281282812,3.838554418,0.039843367,15.27143858,86.72856142,0.993137774,3.218575431,0.496286315,11.37569127,average
7.455891376,0.90889575,0.144855016,2,0.08380876,11.54410862,65.1764345,0.996046625,3.322646517,0.545293035,9.58235655,poor
10.2,0.24,0.49,2.4,0.075,10,28,0.9978,3.14,0.61,10.4,average
7.150371291,0.874630262,0.030074258,4.236293305,0.094740718,5,12.87407177,0.996848886,3.426370669,0.573777847,11.02518565,poor
7.576590241,0.544438459,0.180270643,2.289174283,0.073423548,27,117.0270643,0.995963627,3.130405964,0.863518358,9.132882262,poor
8.672075564,0.305679342,0.432434004,3.695471052,0.052298135,17.36037782,109.7207556,0.995961322,3.197660451,0.555226447,9.627924436,average
8.3,0.705,0.12,2.6,0.092,12,28,0.9994,3.51,0.72,10,average
6.985986261,0.929105004,0.061020609,1.943945043,0.083987046,12.14013739,67,0.995387242,3.328979391,0.59089107,9.484082435,poor
5.423693109,0.419980122,0.332389189,1.393977335,0.041644603,8.588352221,65,0.99101129,3.511687534,0.436446034,12.51164778,poor
7.1,0.43,0.42,5.5,0.07,29,129,0.9973,3.42,0.72,10.5,average
7.181625755,0.499390342,0.288975453,1.167315899,0.037978833,27.57154928,85.59187122,0.99385707,3.192650302,0.397544468,9.202032194,poor
7.463675555,0.753560594,0.182749481,1.645441482,0.209643941,10,88.45441482,0.996527351,3.196338815,0.695484592,9.163675555,average
8.127731643,0.743865821,0,2.416805072,0.083218531,12.27731643,24.55463285,0.997930083,3.377226836,0.46,9.6,poor
6.206574974,0.291205412,0.283260278,2.25506852,0.049884925,6.347944386,46.10137041,0.992684328,3.123917775,0.467972592,9.897808342,poor
7.2,0.36,0.46,2.1,0.074,24,44,0.99534,3.4,0.85,11,good
6.253745656,0.410898957,0.435894163,1.039560111,0.038963023,9.253745656,64.74625434,0.990250947,3.246343641,0.366493468,11.8081925,poor
13.4,0.27,0.62,2.6,0.082,6,21,1.0002,3.16,0.67,9.7,good
7.23084156,0.645401974,0.343070052,1.576962858,0.061924777,10.23084156,63.76915844,0.993758721,3.270771039,0.430004701,10.68453221,poor
7.707196715,0.537013935,0.211331965,1.9,0.083474754,14,38,0.998144791,3.420719672,0.63917295,9,good
6.535061326,0.6713148,0,4.260556008,0.05752592,11.02191333,20.08765332,0.994947931,3.448466067,0.557808667,,poor
8.555773872,0.524011116,0.410626508,1.61056532,0.068359962,14.61056532,55.38943468,0.995327581,3.173697862,0.476535677,10.43894347,poor
6.6,0.61,0,1.6,0.069,4,8,0.99396,3.33,0.37,10.4,poor
8.6,0.49,0.51,2,0.422,16,62,0.9979,3.03,1.17,9,average
8,0.3,0.63,1.6,0.081,16,29,0.99588,3.3,0.78,10.8,good
9.7,0.66,0.34,2.6,0.094,12,88,0.99796,3.26,0.66,10.1,average
8.163228166,0.546755402,0.665557473,2.697670693,0.420036645,29.32445978,72.34442527,0.997626789,2.93063224,1.458203106,9.4,poor
7.45374032,0.749732915,0.21015262,5.2,0.090372528,19,98.1343508,0.996926459,3.157312984,0.507908428,9.602493547,good
7.258315871,0.392406364,0.203248428,1.48082111,0.05478274,9.516631742,62.25831587,0.994650956,3.356751572,0.472583159,,poor
5.8,0.61,0.11,1.8,0.066,18,28,0.99483,3.55,0.66,10.9,good
6.964302382,0.476251856,0.163571883,2.957124674,0.067857294,27,115.3571883,0.994917171,3.105357825,0.646434481,9.160713528,poor
8.3,0.28,0.48,2.1,0.093,6,12,0.99408,3.26,0.62,12.4,good
6.788419115,0.958304954,0,2.051412538,0.084542376,15.97174923,24.51412538,0.995251725,3.533446208,0.526864358,10.78869969,poor
8.8,0.33,0.41,5.9,0.073,7,13,0.99658,3.3,0.62,12.1,good
8.396809221,0.624680922,0.221936184,2.551595389,0.085354243,5.903190779,19.09680922,0.998045105,3.246446709,0.608063816,,average
7.1,0.63,0.06,2,0.083,8,29,0.99855,3.67,0.73,9.6,average
7.77474795,0.363783005,0.26756601,1.92342775,0.078945271,28.918867,48,0.99615205,3.422342775,0.58900624,9.98468555,poor
8.8,0.6,0.29,2.2,0.098,5,15,0.9988,3.36,0.49,9.1,average
8.78105575,0.556657622,0.860351917,3.958592334,0.512944582,30.77807927,68.30175958,0.998489798,2.80633284,1.699756621,9.696752177,poor
10,0.73,0.43,2.3,0.059,15,31,0.9966,3.15,0.57,11,average
7.6,0.49,0.33,1.9,0.074,27,85,0.99706,3.41,0.58,9,average
10,0.49,0.2,11,0.071,13,50,1.0015,3.16,0.69,9.2,good
7.9,0.3,0.68,8.3,0.05,37.5,278,0.99316,3.01,0.51,,good
10.9,0.53,0.49,4.6,0.118,,17,1.0002,3.07,0.56,11.7,good
7.711684449,0.586555448,0.300455221,2.607132235,0.061584222,,85,0.994921275,3.179188167,0.448831555,9.66851277,average
8.691580015,0.624094598,0.291326401,2.64821202,0.08713264,15.69896017,45.34948009,0.9976,3.270841999,0.514336799,,poor
7.29679825,0.718340239,0.190859324,7.797810259,0.051344558,9.365627038,55.22577972,0.996957034,3.378171865,0.440968811,10.18601527,average
6.616004399,0.598263441,0.012803519,1.626673998,0.070760484,4,7.946652003,0.99399521,3.33586828,0.381203079,10.453348,poor
8,0.81,0.25,3.4,0.076,34,85,0.99668,3.19,0.42,9.2,average
7.8,0.7,0.06,1.9,0.079,20,35,0.99628,3.4,0.69,10.9,average
10.7150038,0.58804542,0.52322786,2.1195458,0.070781832,13.218168,47,0.999432279,3.2902271,0.56195458,9.4827252,poor
6.846299251,0.682031423,0.004629925,1.846299251,0.072481895,36.77795507,52.92598502,0.997243496,3.518141647,0.703149626,9.807401498,average
7,0.655,0.16,2.1,0.074,8,25,0.99606,3.37,0.55,9.7,average
7.5,0.61,0.2,1.7,0.076,36,60,0.99494,3.1,0.4,9.3,average
8.3,0.655,0.12,2.3,0.083,15,113,0.9966,3.17,0.66,9.8,average
7.8,0.57,0.31,1.8,0.069,26,120,0.99625,3.29,0.53,9.3,average
9.542618825,0.618382514,0.150654706,1.987291472,0.091831838,5.106547063,14,0.997889345,3.317663677,0.528934529,9.865982059,poor
9.9,0.5,0.5,13.8,0.205,48,82,1.00242,3.16,0.75,8.8,average
7.507406602,0.754073887,0.229259212,1.814814483,0.071296277,6.185184237,24.22222364,0.994977776,3.26,0.408888818,10,poor
,0.62,0.33,2.7,0.088,16,37,0.9972,3.31,0.58,10.7,good
7.91834992,0.433961175,0.31,2.359417619,0.083193206,21,50.40097064,0.997590525,3.410097064,0.765650571,9.739611746,good
7.5,0.63,0.27,2,0.083,17,91,0.99616,3.26,0.58,9.8,good
7.7,0.57,0.21,1.5,0.069,4,9,0.99458,3.16,0.54,9.8,good
7.1,0.43,0.17,1.8,0.082,27,51,0.99634,3.49,0.64,10.4,average
9.01649328,0.176597312,0.495824664,1.194155467,0.038484395,6,24.38831093,0.99364844,2.962421976,0.356889539,9.822337813,average
7.5,0.38,0.48,2.6,0.073,22,84,0.9972,3.32,0.7,9.6,poor
6.242459156,0.499382803,0.28182677,1.492235024,0.073369837,32.44748639,142.1050272,0.993536884,3.244474864,0.449223502,10.01050272,average
6.278098751,0.413140749,0.30561975,2.002376561,0.067361606,31.80475312,98.58574063,0.994669045,3.294855562,0.627809875,10.22954313,average
8.708253689,0.415369246,0.460182449,1.229365777,0.048156386,14.22936578,55.77063422,0.993250043,3.040278022,0.385047786,10.47706342,poor
10.09171959,0.267070103,0.441273815,2.670701028,0.087452247,10,26.91719589,0.999315926,3.324076699,0.772420617,10.02101856,average
7.3,0.745431393,0.120742913,2.062766888,0.063233987,22.97864898,48.62766888,0.996569693,3.354679735,0.546276689,9.811699337,poor
6.976926156,0.652404193,0.151347308,2.088463078,0.074346108,8,25,0.996140758,3.388459075,0.56038323,9.746147688,average
7.329233982,0.742866625,0.002696306,1.864049259,0.083640493,6,12.08987685,0.996563614,3.368760593,0.501683991,9.735950741,poor
7.620823164,0.442493898,0.296246949,2.110411582,0.074895884,19.20823164,66,0.997202905,3.384382627,0.631670734,9.468765254,average
7.328389538,0.987845572,0.040228175,2.132953041,0.070226852,12.32953041,29.35234793,0.995788591,3.463865742,0.439885912,10.80684526,poor
7.835997728,0.678240174,0.273519652,3.616806512,0.06907192,16.50400606,53.11999243,0.995821913,3.227279667,0.449679515,10.66320106,poor
6.438884293,0.459374483,0.141597624,1.567709195,0.081319525,15.32290805,49.22569732,0.995506424,3.364513946,0.735832644,9.432290805,average
6.868523005,0.494951573,0.184261502,2.088861971,0.080032688,9.157384976,22.76392254,0.995773668,3.394721549,0.440230023,9.266404341,poor
6.245177283,0.571294321,0.079835111,1.846826171,0.060002479,23.66117037,31.88705679,0.994276381,3.529835111,0.603388296,11.18705679,average
6.565909006,0.387698839,0.117973476,1.265909006,0.056710223,19.13825751,84,0.993211553,3.21,0.411799226,9.730871247,average
6.909145143,0.494232255,0.102403227,2.037983866,0.075331774,6,18.52403227,0.99638054,3.358124195,0.598558064,9.352403227,average
7.785394758,0.396563039,0.361423246,1.543070161,0.06572467,7.286513104,93.1423246,0.994814978,3.22288377,0.56288377,9.799813609,average
8.6,0.52,0.38,1.5,0.096,5,18,0.99666,3.2,0.52,9.4,average
7.162780936,0.372017782,0.158834281,2.354260312,0.069201778,36.51420104,113.0568042,0.994232166,3.09485799,0.447727834,9.751420104,average
6.431987086,0.584378046,0.088933764,3.72940221,0.117029077,14.53311809,31.10662362,0.99676588,3.502132472,0.659337638,11,poor
7,0.57,0,2,0.19,12,45,0.99676,3.31,0.6,9.4,good
7.668276643,0.709654862,0.256207149,1.882068828,0.07088274,11.21379218,68.17931172,0.99489524,3.235999867,0.584275844,9.950345471,poor
6.557092297,0.588909611,0.09,3.9,0.101399809,14.39273074,30.21453851,0.99618734,3.464654233,0.611090389,11.03927307,poor
9.1,0.5,0.3,1.9,0.065,8,17,0.99774,3.32,0.71,10.5,good
6.755463192,0.479131032,0.362661325,4.226613246,0.040067101,,19,0.991801118,3.332884995,0.383249207,12.26274745,poor
8.868907107,0.611765025,0.349579239,2.113442642,0.088470492,4.68907107,22.31092893,0.998133607,3.301595635,0.629748629,9.957978177,average
8.077056456,0.702404634,0.273116937,4.94658066,0.065225968,3.845887087,10.84588709,0.995719212,3.389965321,0.576917742,11.66164517,poor
9.545925698,0.37930031,0.404534984,1.972674922,0.080889721,6,16.27325078,0.9978907,3.249942415,0.637152322,9.781975233,average
7.660518404,0.681779678,0.00296112,2.370388803,0.090197408,8.197407978,19,0.997321037,3.281844479,0.704336963,9.329611197,average
8.05527889,0.696231741,0.108695223,1.55527889,0.084612881,5.482403699,13,0.996264532,3.310952851,0.548944222,9.5,average
7.605967721,0.789371819,0.210722408,2.3,0.086949746,21,68,0.995511621,3.121067908,0.440596772,9.200942272,average
7.739580567,0.68134301,0.279276066,1.869485782,0.069163057,11.12990522,68.30514218,0.994814709,3.223836256,0.582598104,10.00906635,poor
7.7,0.27,0.68,3.5,0.358,5,10,0.9972,3.25,1.08,9.9,good
11.8854873,0.365419492,0.698163144,3.993877148,0.066916102,7.687076173,37.77097461,1.000377097,3.242902539,0.670997871,12.54194922,good
9.629720819,0.641261633,0.249009306,2.219813879,0.085558841,5.549534698,33.9009306,0.997390991,3.162074448,0.502430205,9.49009306,average
8.3,0.625,0.2,1.5,0.08,27,119,0.9972,3.16,1.12,9.1,poor
6.841272261,0.569226803,0.308391518,5.327928765,0.075440136,7,49,0.996414363,3.292094657,0.688042409,10.3,average
6.453110351,0.590887475,0.113906565,1.539203786,0.106698929,24.91125252,77.86093435,0.994372049,3.245073258,0.564528635,9.4,poor
6.8,0.64,0,2.7,0.123,15,33,0.99538,3.44,0.63,11.3,good
5.916144649,0.588385535,0.023677107,1.64753417,0.07726008,6.210763099,13.2107631,0.995020045,3.605201594,0.611569476,10.26861048,poor
10.4,0.24,0.46,1.8,0.075,6,21,0.9976,3.25,1.02,10.8,good
7.1,0.68,0.07,1.9,0.075,16,51,0.99685,3.38,0.52,9.5,average
6.85513666,0.464094764,0.160594636,3.076214552,0.066864879,27,115.0594636,0.994730597,3.100891954,0.60773027,9.165675606,poor
8.9,0.48,0.53,4,0.101,3,10,0.99586,3.21,0.59,12.1,good
7.639212386,0.931234072,0.040643362,2.033610617,0.089831947,6.943982305,19.94398231,0.996028841,3.203361062,0.562800885,9.583194692,average
6.126798271,0.657430403,0.021682133,1.610904899,0.081109049,6,12.72273775,0.995462436,3.571276081,0.583955908,9.989095101,poor
9.074668279,0.802533172,0.200164239,2.919077667,0.064071541,22.04769417,49,0.997408346,3.221266586,0.556825647,9.665871764,poor
9.580903007,0.533819399,0.633417583,2.288442428,0.354985524,11.88442428,37,0.99809367,3.168844243,0.67,9.738690869,average
11.1,0.39,0.54,2.7,0.095,21,101,1.0001,3.13,0.51,9.5,average
9.6,0.56,0.23,3.4,0.102,37,92,0.9996,3.3,0.65,10.1,average
6.838581376,0.83818364,0.078425587,3.20553524,0.065299304,13.84255873,29.77162751,0.995070242,3.448581376,0.485276762,11.21574413,poor
6.1,0.32,0.25,1.8,0.086,5,32,0.99464,3.36,0.44,,average
7.831027535,0.464318335,0.180859637,1.537944931,0.076104768,20.84486233,102,0.995519073,3.372934856,0.47069174,9.717192742,average
9.8,0.3,0.39,1.7,0.062,3,9,0.9948,3.14,0.57,11.5,good
10.49908659,0.442477165,0.421651443,1.508257216,0.145165144,34.16514432,48.24771647,0.998323303,3.38,0.86,9.9,poor
6.8,0.51,0.01,2.1,0.074,9,25,0.9958,3.33,0.56,9.5,good
8.003814251,1.055172058,0.049618575,3.288930344,0.084740464,5.629767814,11.37023219,0.997764876,3.502213931,0.53072554,11.07404644,poor
8.8,0.31,0.4,2.8,0.109,7,16,0.99614,3.31,0.79,11.8,good
8.3,0.78,0.1,2.6,0.081,45,87,0.9983,3.48,0.53,10,average
7.3,0.51,0.18,2.1,0.07,12,28,0.99768,3.52,0.73,9.5,good
7.9,0.2,0.35,1.7,0.054,7,15,0.99458,3.32,0.8,11.9,good
7.488983639,0.367540901,0.222373823,3.910589983,0.037058998,5.110163606,33.44918197,0.99168725,3.050760534,0.375422905,11.4915419,poor
8.773918207,0.368583278,0.481523417,1.065204483,0.039455838,14.06520448,55.93479552,0.992355364,2.982821569,0.345649076,10.49347955,poor
7.071561792,0.476981964,0.1394835,3.599564462,0.111336032,14,31.88363394,0.99668336,3.452283767,0.638189178,10.69956446,poor
8.3,0.85,0.14,2.5,0.093,13,54,0.99724,3.36,0.54,10.1,average
10,0.56,0.24,2.2,0.079,19,58,0.9991,3.18,0.56,10.1,good
7.2,0.695,0.13,2,0.076,12,20,0.99546,3.29,0.54,10.1,average
8.246212656,1.002182942,0.018655316,3.29914873,0.084,6,11.06723418,0.998772085,3.470587215,0.49,10.91259557,poor
7.41214329,0.560285368,0.269268366,2.234820887,0.082364299,16,42.53035823,0.997624287,3.461214329,0.583642987,9.193928355,average
7.652104364,0.910652036,0.025287491,2.157854182,0.077199171,12.57854182,28.10729091,0.996535625,3.429004145,0.447356255,10.35862473,poor
8.701452115,0.45577158,0.366896393,2.182032961,0.089597096,9,23,0.997253576,3.372087127,0.653883831,10.15825746,average
,0.755,0,1.9,0.084,6,12,0.99672,3.34,0.49,9.7,poor
6.668290937,0.606585453,0.061461843,1.656909114,0.07412182,3.886181772,8.113818228,0.994327633,3.33,0.392763646,10.38861818,poor
6.61786276,0.712942637,0.087320586,5.544656901,0.111909113,9.178627603,17.0893138,0.99651874,3.355358828,0.49893138,10.8,good
7.1,0.6,0.01,2.3,0.079,24,37,0.99514,3.4,0.61,10.9,good
7.7,0.18,0.34,2.7,0.066,15,58,0.9947,3.37,0.78,11.8,good
8.213996909,0.703328152,0.170886465,1.849144623,0.088139969,9.631415325,52.24572312,0.996775428,3.245972003,0.73928461,9.487713844,average
6.189552973,0.334552153,0.169869412,1.570149009,0.04870149,8.662313739,63.01305878,0.993797388,3.555596856,0.500391764,11.11305878,poor
11.9,0.38,0.49,2.7,0.098,12,42,1.0004,3.16,0.61,10.3,average
8.3,0.615,0.22,2.6,0.087,6,19,0.9982,3.26,0.61,9.3,average
9.8,0.37,0.39,2.5,0.079,28,65,0.99729,3.16,0.59,9.8,average
10.09515129,0.542933283,0.337575644,2.221939485,0.14085935,5.609697425,14.78060515,0.998424484,3.269745537,0.562933283,9.37551588,poor
10.5,0.28,0.51,1.7,0.08,10,24,0.9982,3.2,0.89,9.4,good
7.831256989,0.715659994,0.123959964,2.027771566,0.074409714,4.180571086,13,0.997291657,3.318817193,0.52,9.377085663,average
7.807886667,0.844864905,0.097111143,1.839477143,0.065369067,3.868409524,8.131590476,0.997198684,3.356052286,0.361581714,9.257908571,poor
7.355619903,0.670475121,0.110590947,1.755619903,0.088994209,10,44.72190048,0.995743314,3.281714927,0.511123981,9.772190048,average
5.6,0.31,0.37,1.4,0.074,12,96,0.9954,3.32,0.58,9.2,average
9.825899614,0.524545753,0.221474903,2.235162162,0.100684363,5.814749034,14,0.997818525,3.335368726,0.52185251,9.972212355,poor
7.14136702,0.375341755,0.155719468,1.257913828,0.056571947,24.24820212,84.08273404,0.994344893,3.17151085,0.442410106,8.908273404,average
7.1,0.43,0.42,5.5,0.07,29,129,0.9973,3.42,0.72,10.5,average
7.931664639,0.813599513,0.276491859,1.962415552,0.078394119,10.93166464,63.06833536,0.996274676,3.288291616,0.475558202,9.878585665,poor
8.5,0.34,0.4,4.7,0.055,3,9,0.99738,3.38,0.66,11.6,good
7,0.43,0.02,1.9,0.08,15,28,0.99492,3.35,0.81,10.6,good
7.971161143,0.642332977,0.17754984,2.075498396,0.085114898,11,74.86166488,0.996455288,3.238733832,0.583083244,9.476670231,poor
6.7,0.62,0.21,1.9,0.079,8,62,0.997,3.52,0.58,9.3,good
6.408484565,0.539502712,0.089490926,3.869455567,0.121947914,13.96606174,31,0.996766062,3.500169691,0.665927409,11.00678765,poor
6.377076977,0.354020007,0.33754154,7.55979993,0.064823923,18.12292302,102,0.995666446,3.305083079,0.524883859,10.44385385,average
8.1,0.73,0,2.5,0.081,12,24,0.99798,3.38,0.46,9.6,poor
9.798388179,1.237098723,0.339516454,2.003223641,0.079056414,31.98388179,150.9677636,0.997999194,3.150725319,0.53,9.49919409,average
8.09646259,0.783539228,0.182743765,2.471682542,0.075336327,18.40707482,47.40707482,0.997342036,3.283451247,0.528760998,9.487609976,poor
7.8,0.853110758,0.099213395,1.915375471,0.062612641,22.15375471,47.15375471,0.995688201,3.494624529,0.477663959,10.46936794,good
8.61414349,0.645732064,0.28275403,2.071464127,0.146367059,23,112.1439238,0.997292903,3.127146413,0.634093712,9.228535873,average
6.8,0.68,0.21,2.1,0.07,9,23,0.99546,3.38,0.6,10.3,average
9.2,0.46,0.23,2.6,0.091,18,77,0.99922,3.15,0.51,9.4,average
7.706015018,0.664733428,0.290567323,1.837457276,0.371611756,15.18728638,62.81271362,0.99668093,3.005618591,1.51133972,9.40635681,average
12.7,0.59,0.45,2.3,0.082,11,22,1,3,0.7,9.3,good
6.541590194,0.37254934,0.309349466,1.901445631,0.061036141,18,87.40144563,0.994666722,3.392332495,0.496130107,,average
7.446518239,0.806750356,0.040232117,2.818569392,0.0986973,6.48839413,20,0.996565088,3.302321174,0.595812411,,average
8.731986972,0.612573092,0.232095746,2.155514757,0.05877941,13.11029513,33.77573784,0.995543898,3.354558681,0.463308854,10.23419011,poor
7.455899148,0.598533779,0.247651761,2.12932443,0.070971361,23.9117983,87.82359659,0.995931248,3.26119125,0.514123693,9.729438637,average
7.399914141,0.550045791,0.189945623,1.80002862,0.081999428,14.9997138,34.0002862,0.996550186,3.489994276,0.679962795,10.49968518,average
7.26436012,0.740900301,0.453113837,2.1,0.117700707,3.321800602,9,0.996799012,3.357353051,0.542646949,10.39654018,poor
9.281571641,0.434803545,0.347877696,2.402794683,0.072843663,28,65,0.996839615,3.205362481,0.538157164,9.897205317,average
9.1,0.29,0.33,2.05,0.063,13,27,0.99516,3.26,0.84,11.7,good
,0.4,0.49,2.5,0.085,38,142,0.9978,3.22,0.55,9.4,average
8.8,0.414089832,0.62977542,2.204089832,0.092468322,9.02044916,42,0.998565236,3.532842794,0.658568559,10.47955084,average
7.5,0.61,0.26,1.9,0.073,24,88,0.99612,3.3,0.53,9.8,average
10.1,0.27,0.54,2.3,0.065,7,26,0.99531,3.17,0.53,12.5,good
5.7,1.13,0.09,1.5,0.172,7,19,0.994,3.5,0.48,9.8,poor
6.242392884,0.33471032,0.153188897,4.832972243,0.052894961,27.0471032,128,0.994870113,3.219891673,0.490833737,,average
7.1,0.46,0.14,2.8,0.076,15,37,0.99624,3.36,0.49,10.7,average
8.150160342,0.844375668,0.011248664,2.474706039,0.073246526,5,13.87513362,0.99673746,3.331237974,0.578751336,11,poor
7.512909941,0.599034357,0.003440916,2.2,0.068032275,,14,0.99569646,3.372472671,0.58,10.93440916,poor
7.8,0.91,0.07,1.9,0.058,22,47,0.99525,3.51,0.43,10.7,good
7.670351022,0.641508569,0,2.392457153,0.06834204,6.703510219,12.70351022,0.996040142,3.374070204,0.568894693,10.85929796,average
7.8,0.56,0.19,2,0.081,17,108,0.9962,3.32,0.54,9.5,average
7.181192288,0.434257916,0.206435521,7.263357509,0.053544649,7.871289581,57.87128958,0.996509314,3.342079073,0.444059614,10.16435521,average
9.9,0.49,0.58,3.5,0.094,9,43,1.0004,3.29,0.58,9,average
6.8,0.69,0,5.6,0.124,21,58,0.9997,3.46,0.72,10.2,average
9.1,0.36,0.39,1.8,0.06,21,55,0.99495,3.18,0.82,11,good
6.2,0.44,0.39,2.5,0.077,6,14,0.99555,3.51,0.69,11,good
9.126642399,0.489189808,0.884094991,3.722773443,0.52622562,31.41313919,68.7065696,0.99867276,2.772277344,1.782861502,9.634744322,poor
7.5,0.6,0.03,1.8,0.095,25,99,0.995,3.35,0.54,10.1,average
8.052574074,0.855462607,0.284742593,2.383511396,0.080515299,6.773190883,22.54638177,0.995666999,3.265670228,0.458659544,10.29485185,poor
6.351987524,1.093194253,0.081587258,1.563095567,0.1515991,6.579362887,19,0.994454288,3.457936289,0.471587258,9.757936289,poor
8.1,1.33,0,1.8,0.082,3,12,0.9964,3.54,0.48,10.9,average
6.8,0.77,0,1.8,0.066,34,52,0.9976,3.62,0.68,9.9,average
6.984899327,0.56,0.173775168,1.707550336,0.06567953,15,24,0.995082617,3.436979865,0.690570471,10.59907719,good
9.6,0.77,0.12,2.9,0.082,30,74,0.99865,3.3,0.64,10.4,good
7.2,0.34,0.21,2.5,0.075,41,68,0.99586,3.37,0.54,10.1,good
6.3,0.47,0,1.4,0.055,27,33,0.9922,3.45,0.48,12.3,good
6.969045991,0.643809198,0.013095401,2.038091981,0.07972615,18,28.96431014,0.997313329,3.413809198,0.67750171,9.661908019,average
10.48353216,0.590636257,0.488278363,2.1,0.070104795,13.97754386,46.97005848,0.999088772,3.300074854,0.559775439,,poor
6.897289335,1.078886273,0.0608132,2.148791974,0.061189747,12.08131996,30.9457867,0.994811927,3.507289335,0.432439599,11.391868,poor
7,0.735,0.05,2,0.081,13,54,0.9966,3.39,0.57,9.8,average
7.4,0.61,0.01,2,0.074,13,38,0.99748,3.48,0.65,9.8,average
12.3,0.5,0.49,2.2,0.089,5,14,1.0002,3.19,0.44,9.6,average
7.517264973,0.667239315,0.439088324,5.643646702,0.220166386,27.09202284,66.19544162,0.995140752,3.006433046,0.794039898,10.59193731,poor
7.1,0.72,0,1.8,0.123,6,14,0.99627,3.45,0.58,9.8,average
7.165523719,0.909277347,0.093551792,1.970789932,0.083007957,11.80526621,67.29210068,0.995463056,3.321763601,0.596105324,9.536313651,poor
10.54379258,0.589601886,0.496767945,2.103981144,0.070159246,13.84075424,47,0.999167679,3.298009428,0.560398114,9.576113136,poor
7.168547456,0.729411362,0.171177277,5.530163959,0.045488677,18.28387345,50.89515819,0.993895207,3.12938696,0.307290124,10.97467785,poor
8.247333977,0.65072276,0.250550935,3.81806899,0.072874404,17.58175371,47.16350742,0.996296872,3.210550935,0.434372018,9.823578338,poor
7.103046282,0.630527496,0.150527496,1.974442832,0.068752604,11,75.56389292,0.994720981,3.324056443,0.527971779,9.876671505,poor
5.852148125,0.565214812,0.024871113,1.9017185,0.052530074,5,13,0.994462234,3.61914075,0.569914075,11.4,average
8.1,0.575,0.22,2.1,0.077,12,65,0.9967,3.29,0.51,9.2,average
8.6,0.38,0.36,3,0.081,30,119,0.997,3.2,0.56,9.4,average
7.2,0.835,0,2,0.166,,11,0.99608,3.39,0.52,10,average
5.2,0.49,0.26,2.3,0.09,23,74,0.9953,3.71,0.62,12.2,good
7.906519471,0.672833507,0.284332986,3.414644184,0.071563688,16.31594808,53.3550649,0.996025486,3.237622856,0.464724154,10.63029091,poor
7.323137273,0.584021788,0.087686273,4.14379091,0.082669282,5.91459697,28.74379091,0.997041307,3.369751636,0.484627455,9.08540303,poor
7.932554878,0.839779543,0.254487622,2,0.080472116,11.06744512,63.26978049,0.996461323,3.294046707,0.488093415,9.773021951,poor
7.7,0.67,0.23,2.1,0.088,17,96,0.9962,3.32,0.48,9.5,average
7.6,0.41,0.24,1.8,0.08,4,11,0.9962,3.28,0.59,9.5,average
9.9,0.35,0.41,2.3,0.083,11,61,0.9982,3.21,0.5,9.5,average
7.149394732,0.485732253,0.361198673,4.315618343,0.054880133,17.22881561,65.50605268,0.992176572,3.110968429,0.458075005,11.79031571,poor
7.60430442,0.887375859,0.178990017,2,0.082769869,11.39569558,64.58278232,0.996175745,3.313741735,0.52748347,9.641721768,poor
10.3,0.34,0.52,2.8,0.159,15,75,0.9998,3.18,0.64,9.4,average
8.531914281,0.622127859,0.254255238,1.838297617,0.074276595,5,13,0.997131914,3.205531905,0.547659523,9.41702143,average
6.9,0.54,0.04,3,0.077,7,27,0.9987,3.69,0.91,9.4,good
10.20024061,0.566052934,0.390120304,2.179903757,0.161246678,5.399518785,15.20096243,0.99876077,3.231913381,0.586052934,9.039230055,poor
8.533084006,0.392512084,0.275398158,1.708578836,0.062256042,52,147.201496,0.992567901,2.991218643,0.469054087,10.88781357,average
6.8,0.36,0.32,1.8,0.067,4,8,0.9928,3.36,0.55,12.8,good
7.509158209,0.642887424,0.162887424,2.045070993,0.076345132,11,75.38732252,0.995547331,3.285210954,0.547394523,9.664787022,poor
7.4,0.66,0,1.8,0.075,13,40,0.9978,3.51,0.56,9.4,average
8.363081955,0.38086367,0.301727339,1.828535169,0.093748514,30.05757798,48,0.9966379,3.412853517,0.649737492,9.965707034,poor
8.289097388,0.588476251,0.231617573,1.445486942,0.07607506,27.21805223,118.8909739,0.996720285,3.168722089,1.037140152,9.296247008,poor
7.063063511,0.675919944,0.176435154,2.138224514,0.071369365,5.127415048,25,0.995693257,3.327387298,0.44624195,9.900644013,average
7.277885111,0.463293083,0.346731066,1.600482998,0.048567362,25.88701056,85.11057445,0.994867794,3.231154044,0.488990855,9.322356388,poor
6.7,0.28,0.28,2.4,0.012,36,100,0.99064,3.26,0.39,11.7,good
6.3,0.51,0.13,2.3,0.076,29,40,0.99574,3.42,0.75,11,good
8.760061003,0.463550133,0.445118567,2.595562334,0.065488143,7.044376664,17.95562334,0.994595715,3.3146748,0.786893634,13.960061,good
7.475383823,0.805625726,0.018358922,1.926564314,0.15204722,4,11,0.996331517,3.375312863,0.543866598,9.917384853,average
6.25660176,0.703567497,0.024030893,1.679073207,0.078806179,6,12.40308931,0.995588849,3.594339824,0.625969107,10.0104634,poor
7.948010648,0.799326282,0.265320958,1.963607454,0.078232362,10.8960213,62.94801065,0.996388987,3.294679042,0.479480106,9.815596806,poor
7.404568666,0.53774971,0.183620889,4.272928438,0.104319807,47.77326887,110.9543133,0.997759222,3.279086267,0.776362089,9.94077756,average
6.470193172,0.55632244,0.09,3.9,0.113348439,14.17548293,30.64903414,0.996526247,3.484206536,0.64367756,11.01754829,poor
8.340923652,0.569480869,0.236455419,1.953025449,0.069711781,33.8818473,140.4121018,0.995947204,3.208847126,0.504121018,9.723630539,average
9.7,0.295,0.4,1.5,0.073,14,21,0.99556,3.14,0.51,10.9,good
10,0.69,0.11,1.4,0.084,8,24,0.99578,2.88,0.47,9.7,average
9,0.45,0.49,2.6,0.084,,75,0.9987,3.35,0.57,9.7,average
7.507210284,0.91501132,0.108395626,2.081162701,0.066274444,19.05813507,50.13023791,0.997125349,3.31,0.55376746,9.83186109,poor
7.8,0.58,0.13,2.1,0.102,17,36,0.9944,3.24,0.53,11.2,good
8.5,0.66,0.2,2.1,0.097,23,113,0.99733,3.13,0.48,9.2,average
6.961566346,0.643072276,0.04154218,1.530722756,0.06077109,5,11.53855449,0.995122891,3.313048109,0.49845782,9.661566346,average
6.231218109,0.353405612,0.033689413,1.219866069,0.064638552,29.0283801,119.98581,0.993465416,3.219006697,0.539432398,9.1,average
7.7,0.58,0.1,1.8,0.102,,109,0.99565,3.08,0.49,9.8,good
6.7,0.855,0.02,1.9,0.064,29,38,0.99472,3.3,0.56,10.75,good
9.2,0.53,0.24,2.6,0.078,28,139,0.99788,3.21,0.57,9.5,average
9.261952834,0.34208192,0.46,6.624691773,0.103203144,3,9.539842779,0.997595612,3.22858585,0.621593711,11.60179561,good
8.9,0.31,0.57,2,0.111,26,85,0.9971,3.26,0.53,9.7,average
8.391974904,0.217098979,0.346913569,1.723457252,0.045327184,24,146.5370353,0.993970681,3.012469332,0.397037176,9.922839217,average
6.8,0.775,0,3,0.102,8,23,0.9965,3.45,0.56,10.7,average
6.586061482,0.825478192,0.051491067,3.087033631,0.074418156,15.85575407,26.86061482,0.994867747,3.487017867,0.532836311,11.1427877,poor
8.172935606,0.766467803,0,2.281193183,0.086834848,12.72935606,25.45871212,0.997848716,3.372706439,0.46,9.6,poor
7.064119035,0.608349256,0.157813179,1.066029759,0.039980893,8.380042513,49.42993623,0.992343822,3.160902338,0.432303614,10.61995749,poor
6.880666077,1.010730914,0.065800177,2.448010621,0.062353375,12.5800177,30.61332153,0.994885069,3.490666077,0.447400531,11.34199823,poor
6.3,0.51,0.13,2.3,0.076,29,40,0.99574,3.42,0.75,11,good
7.112183674,0.524382993,0.452183674,2.1,0.110487347,3.292721088,8.414557824,0.996437707,3.36219932,0.572927211,10.6219932,poor
7.255361311,0.36017482,0.261247082,2.210722622,0.073588577,35,70.89277378,0.996379953,3.434463869,0.575361311,9.787529177,average
7,0.58,0.28,4.8,0.085,12,69,0.99633,3.32,0.7,11,good
8.211319641,0.647389866,0.181509285,1.730817858,0.082767286,16.32704464,23.98113393,0.996550817,3.333081786,0.51578625,9.661635715,average
8.985720789,0.811427921,0.192637913,2.87802498,0.063917594,21.94506245,49,0.997390386,3.225713961,0.556483541,9.667582293,poor
6.353108804,0.776232731,0.149868307,1.717702935,0.12301684,8.088514674,21.17702935,0.995006876,3.440131693,0.452787133,9.391806997,poor
7.7,0.965,0.1,2.1,0.112,11,22,0.9963,3.26,0.5,9.5,average
7.934583473,0.423875003,0.279791672,1.783749903,0.081408333,27.61249968,45,0.996003458,3.252041666,0.548166662,10.23875003,average
7.66623507,0.647270902,0,2.363645489,0.070194219,6.662350698,12.6623507,0.995991574,3.373247014,0.570129479,10.86752986,average
7.7,0.53,0.06,1.7,0.074,,39,0.99615,3.35,0.48,9.8,good
7.8,0.6,0.26,2,0.08,31,131,0.99622,3.21,0.52,9.9,average
8.216222607,0.877417628,0.273785275,2.024294502,0.085404383,6.891849288,23.10815071,0.995962068,3.248103422,0.464592464,10.02703768,poor
10.75207505,0.448801876,0.425867917,1.529339587,0.145586792,34.58679174,48.88018761,0.998331736,3.38,0.86,9.9,poor
6,0.5,0,1.4,0.057,15,26,0.99448,3.36,0.45,9.5,average
7.203691679,0.78024196,0.065767024,2.288351199,0.058846595,4.576702399,9.846595202,0.996150681,3.44349464,0.588096784,10.9,poor
8.7,0.54,0.26,2.5,0.097,7,31,0.9976,3.27,0.6,9.3,good
6.8,0.36,0.32,1.8,0.067,4,8,0.9928,3.36,0.55,12.8,good
6.4,0.57,0.14,3.9,0.07,27,73,0.99669,3.32,0.48,9.2,average
8.7,0.82,0.02,1.2,0.07,36,48,0.9952,3.2,0.58,9.8,average
9.065966979,0.89765087,0.123140919,1.849868809,0.09577867,5,18.50131191,0.996698583,3.276727889,0.471583579,9.400524766,poor
7.661980688,0.490990344,0.134792275,2.352077247,0.086747586,12,48.38019312,0.996676039,3.203801931,0.681565239,9.845048279,average
7.2,0.57,0.05,2.3,0.081,16,36,0.99564,3.38,0.6,10.3,good
8.148035449,0.797511078,0.008733629,2.2,0.069620089,5.253274251,14,0.996506245,3.33013097,0.58,10.98733629,poor
7.198338729,0.544270667,0.201636952,1.463938413,0.057311994,7,49.81969206,0.994616775,3.063772286,0.623440032,9.480307935,average
6.610041126,0.518995887,0.009799177,1.971352525,0.07124631,6.673360751,13.67336075,0.995107939,3.484926205,0.59306557,10.6386886,poor
7.2,0.635,0.07,2.6,0.077,16,86,0.99748,3.51,0.54,9.7,average
8.035994422,0.716400558,0.262926433,3.729264332,0.108585287,34.53051751,89.53051751,0.997163444,3.25061035,0.485367834,9.441471335,average
7.541110439,0.955888956,0.070401653,2.211281741,0.061417307,20.27820435,49,0.997098686,3.297944478,0.550927348,9.695363261,poor
7.6,0.41,0.49,2,0.088,16,43,0.998,3.48,0.64,9.1,average
7.178635773,0.525045041,0.263590732,3.326383708,0.075454309,11.78635773,77.78635773,0.996229086,3.351544392,0.67795366,10.72226505,average
8.5,0.46,0.31,2.25,0.078,32,58,0.998,3.33,0.54,9.8,average
7.3,1.07,0.09,1.7,0.178,10,89,0.9962,3.3,0.57,9,average
9,0.44,0.49,2.4,0.078,26,121,0.9978,3.23,0.58,,average
7,0.69,0.08,1.8,0.097,22,89,0.9959,3.34,0.54,9.2,good
7.902902281,0.720906963,0.006690852,2.2,0.069007256,5.661829532,14,0.9961937,3.346473181,0.58,10.96690852,poor
8.9,0.28,0.45,1.7,0.067,7,12,0.99354,3.25,0.55,12.3,good
9.3,0.32,0.57,2,0.074,27,65,0.9969,3.28,0.79,10.7,average
5.881327384,0.364410246,0.433722492,1.001719385,0.034780089,8.915233846,65,0.989684151,3.295945662,0.367800892,12.18476615,poor
11.30167414,0.462541853,0.435027902,1.575139512,0.14650279,35.50279023,50.25418535,0.998350056,3.38,0.86,9.9,poor
9.371353402,0.362917278,0.355676701,2.257293195,0.075143233,5,13,0.997971353,3.225013155,0.614986845,9.285939793,average
7.596205215,0.923981833,0.027867452,2.153554247,0.075995189,12.53554247,28.32228763,0.996406627,3.435024054,0.446066274,10.43602355,poor
6.832673889,0.813962945,0.080197833,3.311869997,0.065712828,14.01978333,29.65347778,0.995096235,3.442673889,0.4905935,11.19802167,poor
6.8,0.63,0.12,3.8,0.099,16,126,0.9969,3.28,0.61,9.5,average
7.3,0.664974165,0.145007792,2.049995899,0.064000246,24.00032806,48.49995899,0.996404947,3.370004921,0.54499959,,poor
6.830875334,0.806588868,0.0807374,3.344243995,0.065838727,14.07373999,29.61750667,0.995104149,3.440875334,0.4922122,11.192626,poor
,0.887105029,0.033703281,4.177321679,0.09428709,5,12.82870898,0.996794451,3.432267832,0.57513873,11.0342582,poor
6.372091672,0.557242737,0.093288573,1.552656553,0.048024887,23.61129761,79.97175597,0.994380229,3.311943512,0.442192382,9.438870239,poor
7.730100926,0.671353657,0.034080741,2.160201852,0.064301009,31.90302779,43.60201852,0.993848464,3.425050463,0.621171575,,good
7.925814822,0.708173252,0.024301029,1.329030863,0.076881646,36,47.13979425,0.995208602,3.341933949,0.575698971,10.1440823,average
6,0.51,0,2.1,0.064,40,54,0.995,3.54,0.93,10.7,good
7.823750825,0.753125059,0.024187447,2.656873998,0.083356262,13.53749882,26.80624823,0.997112002,3.380749976,0.476124965,10.00312412,poor
7.6,0.78,0,1.7,0.076,33,45,0.99612,3.31,0.62,10.7,good
7.443325647,0.852180659,0.191444188,1.838147294,0.074959148,13.38147294,40.38147294,0.996359125,3.401852706,0.550408518,9.634062118,average
6.78289564,0.543431528,0.189265434,1.860965213,0.090782827,8.804826067,22.60965213,0.995669464,3.400734566,0.434879348,9.123190225,poor
7.2,0.6,0.04,2.5,0.076,18,88,0.99745,3.53,0.55,9.5,average
7.5,0.923009524,0.046669312,2.460031745,0.084933386,5.533306879,12,0.996290642,3.433338624,0.541336243,10.40003968,poor
7.9,0.32,0.51,1.8,0.341,17,56,0.9969,3.04,1.08,9.2,good
8.397662526,0.559561724,0.081197956,2.099707816,0.104950329,16,43.99707816,0.995806428,3.131022645,0.520350621,10.9944485,average
7.074814335,0.500715745,0.414814335,2.1,0.108992573,3.417285551,8.165428899,0.996117576,3.375901411,0.574172856,10.75901411,poor
7.899779473,0.814541593,0.253834279,2.053812227,0.086614367,7.461877734,23,0.996119171,3.290022053,0.460762445,9.780608077,poor
7.565210962,0.491057416,0.262360157,1.893792953,0.09120535,16.23601566,72,0.995334176,3.128758591,0.544038277,9.51800783,average
6.650837046,0.280735678,0.175635463,1.416387651,0.047163877,8.854515436,62.43645369,0.993912709,3.455651973,0.483093611,10.53645369,poor
6.6,0.66,0,3,0.115,21,31,0.99629,3.45,0.63,10.3,average
6.783934872,0.475114427,0.147147897,1.90655812,0.089232836,4,7.386883761,0.994364657,3.397442786,0.49875441,11.01311624,poor
11.7,0.28,0.47,1.7,0.054,17,32,0.99686,3.15,0.67,10.6,good
6.996895872,0.590155206,0.357206285,1.93074656,0.09876719,3.338506879,8.661493121,0.996096623,3.33,0.502298624,10.33385069,poor
6.9,0.41,0.31,2,0.079,21,51,0.99668,3.47,0.55,9.5,good
7.1,0.855210442,0.033037522,4.964959278,0.089915823,4.13083188,13.43458406,0.997469351,3.405654159,0.548270797,10.65233275,poor
6.8,0.41,0.31,8.8,0.084,26,45,0.99824,3.38,0.64,10.1,good
5.2,0.48,0.04,1.6,0.054,19,106,0.9927,3.54,0.62,12.2,good
7.3,0.38,0.21,2,0.08,7,35,0.9961,3.33,0.47,9.5,average
10.6,0.83,0.37,2.6,0.086,26,70,0.9981,3.16,0.52,9.9,average
7,0.55,0.13,2.2,0.075,15,35,0.9959,3.36,0.59,9.7,good
7.362371556,0.715930517,0.171370087,5.448262923,0.048654379,18.5132931,49.0265862,0.994210223,3.131370087,0.313271897,10.66196379,poor
6.4,0.795,0,2.2,0.065,,52,0.99378,3.49,0.52,11.6,average
7.344133446,0.628613884,0.223914878,1.968328223,0.084049847,8.316717775,23,0.995969574,3.345586655,0.443665645,9.374559057,poor
11.6,0.41,0.54,1.5,0.095,22,41,0.99735,3.02,0.76,9.9,good
7.822922802,1.076652917,0.06770772,3.221096051,0.085192693,5.403653503,11.5963465,0.997059399,3.51578079,0.555598115,11.1192693,poor
8.708072485,0.292623558,0.521412685,1.607063425,0.115764826,12,37,0.996913118,3.249192751,0.580908155,9.501009061,average
9.32187434,0.433223367,0.297241017,2.225089305,0.05950893,15.25446523,34.99642782,0.996225304,3.302758983,0.510071444,9.726518178,poor
,0.385914265,0.162826673,2.564133366,0.060591426,10.47980948,108,0.994334844,3.217624768,0.576769516,9.904038105,average
5.391007795,0.708824471,0.193250278,1.473997773,0.153069321,6.934994432,62,0.993914247,3.606348831,0.591148385,10.96099666,average
8.530070282,0.427277443,0.235533802,2.332028113,0.073533802,28,138.5533802,0.996066724,3.165338019,0.592330991,9.633985944,average
7.369052231,0.368510637,0.327620892,1.823210827,0.074767892,18.03868471,38.07736942,0.99332205,3.38,0.871489363,,good
6.790297299,0.571374053,0.25708919,1.991643241,0.076568703,11.1805946,119.1805946,0.994755143,3.327492972,0.656657296,10.8097027,average
6.353261525,0.390652305,0.199347695,1.747516465,0.061900659,22.35248354,54.05745061,0.993831837,3.27417714,0.535403952,10.00496707,average
7.04885192,0.647404327,0.034910705,2.04885192,0.063514032,4.498724355,8.498724355,0.995136989,3.354936218,0.459770384,10.64936218,poor
10.4,0.55,0.23,2.7,0.091,18,48,0.9994,3.22,0.64,10.3,good
10.13829931,0.552425849,0.359149657,2.204680274,0.149230067,5.523401371,14.95319726,0.998562558,3.254212247,0.572425849,9.237442193,poor
8.157184169,0.960195871,0.028925989,3.23933219,0.079358485,5.821480211,10.64296042,0.998455849,3.462148021,0.500711187,10.98214802,poor
7.544971124,1.109659679,0.095502888,3.116864172,0.085887572,5.056213905,11.94378609,0.995975387,3.536627166,0.59381647,11.18875722,poor
11.40172259,0.559916075,0.472650176,1.280344518,0.065700972,5.829063598,25.8290636,0.996865579,3.064871908,0.560684627,10.41709364,poor
6.295487066,0.807444506,0.144586314,1.698495689,0.12733847,7.992478444,20.98495689,0.994918043,3.445413686,0.455188039,9.427820584,poor
6.8,0.69,0,5.6,0.124,21,58,0.9997,3.46,0.72,10.2,average
8.300479653,0.238852368,0.491435424,1.229188126,0.076636878,27.85645764,81,0.992888524,3.005741694,0.813494397,10.27081187,good
8.4,0.62,0.12,1.8,0.072,38,46,0.99504,3.38,0.89,11.8,good
11.5,0.315,0.54,2.1,0.084,5,15,0.9987,2.98,0.7,9.2,good
6.9,0.4,0.24,2.5,0.083,30,45,0.9959,3.26,0.58,10,average
7.9,0.66,0,1.4,0.096,6,13,0.99569,3.43,0.58,9.5,average
7.075500588,0.607624937,0.293775029,2.91749958,0.074307505,24.51749958,145.0349992,0.994956101,3.23790005,0.496500084,9.396500084,average
10.9,0.32,0.52,1.8,0.132,17,44,0.99734,3.28,0.77,11.5,good
7.1,0.856021761,0.033732938,4.995093997,0.089591295,4.084470775,13.45776461,0.997494386,3.405422354,0.547111769,10.63378831,poor
8.8,0.574661886,0.228345285,2.364661886,0.071593955,9.82330943,42,0.997200374,3.2518417,0.60236834,,average
9,0.6,0.29,2,0.069,32,73,0.99654,3.34,0.57,10,average
,0.510130351,0.358119178,1.759962757,0.100621973,23.40037243,50.20111729,0.996788454,3.30802607,0.778100557,9.580260702,average
8.210231872,0.915682125,0.266248314,2.094884064,0.087778309,6.965893759,22.93178752,0.996199318,3.260682125,0.469488406,9.993178752,poor
7.7,0.715,0.01,2.1,0.064,31,43,0.99371,3.41,0.57,11.8,good
7.4,0.59,0.08,4.4,0.086,6,29,0.9974,3.38,0.5,9,poor
7.2,0.52,0.07,1.4,0.074,5,20,0.9973,3.32,0.81,9.6,good
11.2,0.66,0.24,2.5,0.085,16,53,0.9993,3.06,0.72,11,good
7.6,0.3,0.42,2,0.052,6,24,0.9963,3.44,0.82,11.9,good
8.9,0.4,0.32,5.6,0.087,10,47,0.9991,3.38,0.77,10.5,good
9.3,0.43,0.44,1.9,0.085,9,22,0.99708,3.28,0.55,9.5,average
8.341318473,0.35787914,0.465923089,1.840219745,0.143727484,5.201098727,16.79890127,0.997680439,3.295978025,0.979615445,9.460329618,average
10.3,0.5,0.42,2,0.069,21,51,0.9982,3.16,0.72,11.5,good
6.6,0.705,0.07,1.6,0.076,6,15,0.9962,3.44,0.58,10.7,average
7.977248778,0.825042776,0.292275122,2.528367735,0.076691092,6.657305812,22.31461162,0.995394669,3.268567355,0.452865291,10.44550244,poor
8.265112982,0.397907433,0.452790089,1.951162537,0.092930139,26.48837463,85,0.997080465,3.333256194,0.554418731,9.35813776,average
10.4,0.52,0.45,2,0.08,6,13,0.99774,3.22,0.76,11.4,good
6.1,0.6,0.08,1.8,0.071,14,45,0.99336,3.38,0.54,11,average
7.1,0.35,0.29,2.5,0.096,20,53,0.9962,3.42,0.65,11,good
9.9,0.53,0.57,2.4,0.093,30,52,0.9971,3.19,0.76,11.6,good
7.202692422,0.726793581,0.176412838,5.432281723,0.046695132,18.19282021,51.00897474,0.993993772,3.134394889,0.314574383,10.95874354,poor
,0.84,0.21,4.1,0.074,16,65,0.99842,3.53,0.72,9.233333333,good
7.165732289,0.490567628,0.204863344,2.402873146,0.071828311,7.371408568,25,0.996718262,3.407133855,0.547708485,10.43714086,average
7.63347079,0.493676975,0.17305842,1.73305842,0.066276976,4,10.3305842,0.9962,3.320164948,0.549835052,9.46652921,average
8.743007744,0.401609293,0.464353485,3.270449665,0.070751936,17,109.7150387,0.997202636,3.247255808,0.58005271,9.771503872,average
6.6,0.63,0,4.3,0.093,51,77.5,0.99558,3.2,0.45,9.5,average
6.278381581,0.816709977,0.143018312,1.69279386,0.128621381,7.963969302,20.9279386,0.994891672,3.446981688,0.455900767,9.438511512,poor
7.975752625,0.499180862,0.3291972,1.702007,0.058272579,6.25250875,35.5050175,0.99468975,3.297575262,0.6695986,10.4949825,good
8.8,0.66,0.26,1.7,0.074,4,23,0.9971,3.15,0.74,9.2,average
7.700112055,1.091236693,0.079988795,3.175042021,0.08549972,5.250140069,11.74985993,0.996580437,3.524991596,0.572484592,11.14997199,poor
6.8,0.48,0.08,1.8,0.074,40,64,0.99529,3.12,0.49,,average
7.8,0.62,0.05,2.3,0.079,6,18,0.99735,3.29,0.63,9.3,average
6.730281213,0.573506517,0.183545954,1.494821676,0.052553841,5.270919074,25.59362139,0.993606379,3.26,0.340318931,10,poor
8.2,0.28,0.6,3,0.104,10,22,0.99828,3.39,0.68,10.6,average
7.181215661,0.257723903,0.308994506,6.227513735,0.062074039,17,102.6375687,0.996461106,3.445635302,0.570475276,9.92618819,average
9.707362395,0.541537484,0.212308344,2.28796015,0.099026849,5.879601497,14,0.997667562,3.33759203,0.52722391,10.1203985,poor
7.5,0.57,0.02,2.6,0.077,11,35,0.99557,3.36,0.62,10.8,good
7.058507844,0.628507844,0.008298431,2.175523533,0.078435863,17.58507844,26.58507844,0.996879201,3.406806275,0.569044509,9.731937246,average
8.8,0.430827472,0.587931321,2.220827472,0.090292429,9.104137358,42,0.998422966,3.503551925,0.652710385,10.39586264,average
9.4,0.34,0.37,2.2,0.075,,13,0.998,3.22,0.62,9.2,average
13.3,0.43,0.58,1.9,0.07,15,40,1.0004,3.06,0.49,9,average
8.464116553,0.653664848,0.273129324,2.329763174,0.085312932,12.96939863,43.98469932,0.9976,3.293588345,0.523435338,9.232823311,poor
8.7,0.33,0.38,3.3,0.063,10,19,0.99468,3.3,0.73,12,good
7.670492024,0.559590204,0.266994533,2.14663022,0.073741352,9.601093387,43.93260441,0.996121822,3.254043735,0.511347912,9.409835992,poor
7.214745435,1.031461163,0.083699739,2.651742827,0.07540483,4.592493479,11.59249348,0.995848901,3.535924935,0.616300261,11.07774804,poor
8.428885274,0.614419242,0.369387714,1.927786815,0.085172701,14.92778681,55.07221319,0.997056438,3.284725385,0.552668836,10.40722132,poor
6.8,0.91,0.06,2,0.06,4,11,0.99592,3.53,0.64,10.9,poor
7.316795435,0.583528534,0.088320457,4.122651449,0.082394469,5.907550483,28.72265145,0.997011712,3.368906058,0.483359087,9.092449517,poor
8.957187184,0.335703204,0.382843845,3.142502532,0.096846948,12,24.28593592,0.995395641,3.238578078,0.740031028,11.91421922,good
7.527929242,1.111683402,0.097207076,3.110473466,0.085930177,5.034911553,11.96508845,0.995908924,3.537905307,0.596159729,11.19301769,poor
7.2,0.38,0.31,2,0.056,15,29,0.99472,3.23,0.76,11.3,good
7.2,0.725,0.05,4.65,0.086,4,11,0.9962,3.41,0.39,10.9,average
7.3,0.547710889,0.180372906,2.031382681,0.065117039,25.48938553,48.31382681,0.996164837,3.392340783,0.543138268,9.905851958,poor
6.542702034,0.689826278,0.081437878,3.386272677,0.105304948,13.42919186,31,0.996229192,3.502854041,0.601503024,11.11416163,poor
7.631932144,0.604800424,0.220678202,1.207983036,0.044239491,8.582832908,49.12575064,0.993402388,3.17205581,0.449540797,10.41716709,poor
6.923210041,0.57157041,0.372295046,1.407765523,0.054695436,9.923210041,64.07678996,0.992654324,3.263080251,0.410008653,11.03830845,poor
9.4,0.3,0.56,2.8,0.08,6,17,0.9964,3.15,0.92,11.7,good
7.023508057,0.665099463,0.15784812,1.988245972,0.081175403,8.627486572,23,0.995698409,3.350198926,0.592549731,10.0392406,average
12.8,0.84,0.63,2.4,0.088,13,35,0.9997,3.1,0.6,10.4,good
9.7,0.55,0.17,2.9,0.087,20,53,1.0004,3.14,0.61,9.4,average
7.5,0.71,0,1.6,0.092,22,31,0.99635,3.38,0.58,10,good
8.6,0.47,0.3,3,0.076,30,135,0.9976,3.3,0.53,9.4,average
8.717717047,0.337108863,0.309836932,2.854781822,0.060291318,10.40326136,40,0.995771089,3.24081534,0.46081534,9.880652272,good
9.095154861,0.475965042,0.834344681,3.86131861,0.490266852,31.16123889,68.58061945,0.998274757,2.786131861,1.689658389,9.735504444,poor
7.9,0.34,0.36,1.9,0.065,5,10,0.99419,3.27,0.54,11.2,good
7.126579203,0.548891521,0.178712747,1.826579203,0.086145408,19.60548267,84,0.994940286,3.21,0.519261014,9.497258665,average
6.691345272,1.025286963,0.080288491,2.346158548,0.068615549,18.85575454,31.97115091,0.996489232,3.519423018,0.572884909,11,poor
8.2,0.35,0.33,2.4,0.076,11,47,0.99599,3.27,0.81,11,good
7.997347514,0.919746364,0.012433688,2.832526589,0.084,6,11.37831561,0.998087706,3.427035815,0.49,10.50818971,poor
8.269485874,0.282257378,0.496860361,2.126102825,0.091075754,25.4955887,84.74779435,0.995733045,3.272610283,0.535044113,10.15397017,average
8.376749707,0.549304865,0.086975088,2.081399765,0.103697984,16.09300117,44.04650059,0.995820925,3.137440094,0.526045076,10.920949,average
7.183749088,0.733485384,0.013471133,1.689807552,0.064060585,4,8,0.995414882,3.343471133,0.35203849,9.816250912,poor
9.4,0.33,0.59,2.8,0.079,9,30,0.9976,3.12,0.54,12,good
10.58273616,0.441740344,0.426091205,1.761051655,0.138473709,33.30386225,48.08701722,0.998300856,3.351284318,0.834765007,9.873894835,poor
10.1,0.31,0.44,2.3,0.08,22,46,0.9988,3.32,0.67,9.7,good
6.977319601,0.6414433,0.02934708,1.977319601,0.064388316,4.419244001,8.419244001,0.994949416,3.3509622,0.44546392,10.609622,poor
6.904154263,0.618018165,0.046083979,5.175595605,0.103322811,50.72349612,77.91475581,0.996210429,3.196313282,0.477650388,9.435482429,average
6.4,0.635235166,0.21,1.704703323,0.080523517,13.04703323,31.47648338,0.99689,3.585235166,0.66,9.8,average
6.628422783,0.612368565,0.002210661,1.628422783,0.06865261,4.031580869,8.031580869,0.994034531,3.331579043,0.375684557,10.41579043,poor
7.9,0.33,0.23,1.7,0.077,18,45,0.99625,3.29,0.65,9.3,average
7.5,0.51,0.02,1.7,0.084,13,31,0.99538,3.36,0.54,10.5,good
9.5,0.59,0.44,2.3,0.071,21,68,0.9992,3.46,0.63,9.5,average
7.417272843,0.411022684,0.430363706,2.227727792,0.063900013,23.44772525,84.41363579,0.996331365,3.286909137,0.621409201,9.496591053,poor
8.8,0.4,0.4,2.2,0.079,19,52,0.998,3.44,0.64,9.2,average
10.6,0.48,0.64,2.2,0.111,6,20,0.997,3.26,0.66,11.7,good
7.048445456,0.294533637,0.310310909,2.028151519,0.052828152,36.34369696,127,0.995950085,2.957184848,1.43440364,9.448445456,average
8.3,0.42,0.38,2.5,0.094,24,60,0.9979,3.31,0.7,10.8,good
7.761239176,0.596512989,0.322867423,2.219380412,0.076519454,21,66.38760824,0.997031772,3.224805465,0.536743506,9.2,average
7.2,0.695,0.13,2,0.076,12,20,0.99546,3.29,0.54,10.1,average
6.974163559,0.529483271,0.198449814,1.4,0.049069077,5.086211556,26,0.993606056,3.243619804,0.344139236,10.03448462,poor
8.5,0.47,0.27,1.9,0.058,18,38,0.99518,3.16,0.85,11.1,good
8.489647362,0.504171054,0.341627893,2.147336843,0.063686421,27.73668422,65,0.996163316,3.294733684,0.524793682,10.25798947,average
7.5,0.53,0.06,2.6,0.086,20,44,0.9965,3.38,0.59,10.7,good
7.1,0.46,0.2,1.9,0.077,28,54,0.9956,3.37,0.64,10.4,good
11.6,0.42,0.53,3.3,0.105,33,98,1.001,3.2,0.95,9.2,average
7.10824996,0.508144989,0.150309989,3.93710021,0.054979498,23.21649992,86.43299984,0.99444331,2.955259964,0.388969985,9.173199935,average
8.8,0.490541516,0.43864621,2.280541516,0.082529603,9.40270758,42,0.997915397,3.399052347,0.631810469,10.09729242,average
7.120896966,0.493883629,0.333955152,2.697757585,0.054947999,34.79103034,102,0.992700325,3.234403635,0.641569691,12.5626909,good
7.2,0.34,0.32,2.5,0.09,43,113,0.9966,3.32,0.79,11.1,average
8.7,0.69,0,3.2,0.084,13,33,0.9992,3.36,0.45,9.4,average
10.4496675,0.621836514,0.436871923,2.221089904,0.085387685,5.442179808,35.88435962,0.998184767,3.161564038,0.481905173,9.776871923,average
7.797098342,0.949649543,0.240991081,2.003303602,0.101537496,7,22.35535735,0.995845447,3.298678559,0.471611607,9.967767867,poor
9.4,0.4,0.31,2.2,0.09,13,62,0.9966,3.07,0.63,10.5,good
12.3,0.5,0.49,2.2,0.089,5,14,1.0002,3.19,0.44,9.6,average
6.8,0.67,0.02,1.8,0.05,5,11,0.9962,3.48,0.52,9.5,average
7.5,0.5,0.36,6.1,0.071,17,102,0.9978,3.35,0.8,10.5,average
8.167761463,0.70783845,0.294550958,2.021112594,0.083088474,16.05562971,53.73324434,0.99736555,3.31,0.565777481,10.25221184,poor
7.2,0.415,0.36,2,0.081,13,45,0.9972,3.48,0.64,9.2,average
10.4,0.26,0.48,1.9,0.066,6,10,0.99724,3.33,0.87,10.9,good
12.3,0.5,0.49,2.2,0.089,5,14,1.0002,3.19,0.44,9.6,average
6.902709694,0.687336407,0.083397234,3.775281085,0.069540645,14.85327187,28.7799078,0.995427812,3.407065437,0.515598156,10.9899539,poor
6.99047735,0.943813323,0.054283974,1.961909402,0.08495263,12.0952265,67,0.99547145,3.335716026,0.593810278,9.457135897,poor
6.718949849,0.502736452,0.212211377,1.874739145,0.055705318,23.11578593,81.21053517,0.995247375,3.31442107,0.521474251,9.488421407,poor
6.857559343,0.915993306,0.072732197,2.863931828,0.063970846,13.27321971,30.15118686,0.994986739,3.467559343,0.468196591,11.27267803,poor
8.836874637,0.581259565,0.387086522,2.309711594,0.094174514,5.048557971,22.04855797,0.998459182,3.366600942,0.58,10.34370217,average
8.8,0.41,0.64,2.2,0.093,9,42,0.9986,3.54,0.66,10.5,average
6.8,0.59,0.06,6,0.06,11,18,0.9962,3.41,0.59,10.8,good
7.75619689,0.493140933,0.273357383,7.433573834,0.054416386,36.44524611,121.4452461,0.996285442,3.276498316,0.423213083,10.55763989,average
8.3,0.49,0.36,1.8,0.222,6,16,0.998,3.18,0.6,9.5,good
6.850450292,0.886846199,0.074864912,2.991894737,0.06446848,13.48649123,30.00900585,0.995018019,3.460450292,0.474594737,11.25135088,poor
7.920392279,0.523686177,0.222562267,2.099346201,0.110301993,5.598692402,17.5986924,0.997450327,3.294013076,0.798549191,9.34013076,average
7,0.49,0.49,5.6,0.06,26,121,0.9974,3.34,0.76,10.5,average
7.354312203,0.647236031,0.427572538,2.033866199,0.101655024,3.220446004,8.779553996,0.997192204,3.33661338,0.517092959,10.03546479,poor
6.442517076,0.546175888,0.117434426,1.618051571,0.049584307,23.51068989,80.22327527,0.994556293,3.312446551,0.458289617,9.448931011,poor
6.374261187,0.305661219,0.187794288,2.688971438,0.052566122,10.30146937,108,0.993626833,3.240808981,0.5482351,9.939706125,average
7.56789556,0.740297351,0.271961806,1.942330474,0.084568355,3.525565086,8.474434914,0.997195256,3.345766953,0.443864379,9.669321897,poor
11,0.2,0.48,2,0.343,6,18,0.9979,3.3,0.71,10.5,average
7.3,0.51,0.18,2.1,0.07,,28,0.99768,3.52,0.73,9.5,good
5.426891932,0.8336689,0.257787164,1.777871638,0.058537839,32,96.71148655,0.994246669,3.594145257,0.62,10.89523643,average
6.7,0.67,0.02,1.9,0.061,26,42,0.99489,3.39,0.82,10.9,good
9.9,0.54,0.45,2.3,0.071,16,40,0.9991,3.39,0.62,9.4,average
8.033326829,0.806660487,0.043337561,2.149995121,0.080332976,9.833317071,31,0.996566667,3.27333561,0.52333561,9.766663414,average
9.1,0.765,0.04,1.6,0.078,4,14,0.998,3.29,0.54,9.7,poor
7.2,0.6,0.04,2.5,0.076,18,88,0.99745,3.53,0.55,9.5,average
7.105508648,0.476546711,0.279449135,8.204871986,0.07291737,35.64830451,121.3241523,0.997620255,3.256546711,0.47703391,9.205508648,average
8.02893633,0.75137906,0.255427511,2.033733061,0.079554743,16.68665304,52.97601635,0.997315068,3.31,0.563253388,10.16386857,poor
8.6,0.47,0.27,2.3,0.055,14,28,0.99516,3.18,0.8,11.2,average
7.400905416,0.58773646,0.081448666,4.395020211,0.085502021,5.990945838,29.04527081,0.997341872,3.37664996,0.498732417,9.025351652,poor
8.02423178,0.556529851,0.266242318,2.374539068,0.096630378,16.62423178,72,0.99707331,3.199938542,0.557515364,9.493634767,average
10.5,0.42,0.66,2.95,0.116,12,29,0.997,3.24,0.75,11.7,good
7.3,0.34,0.33,2.5,0.064,21,37,0.9952,3.35,0.77,12.1,good
8.981032869,0.39249253,0.480109263,2.057994024,0.069940418,27.28997012,65,0.99661003,3.285799402,0.685610757,10.52601793,average
9.9,0.59,0.07,3.4,0.102,32,71,1.00015,3.31,0.71,9.8,average
9.2,0.54,0.31,2.3,0.112,11,38,0.99699,3.24,0.56,10.9,average
7.2,0.63603767,0.047971747,2.539623295,0.077400942,15.40094176,85.40094176,0.997447972,3.518018835,0.552028253,9.580188352,average
6.972409693,0.556742976,0.122759031,2.974698978,0.067471087,5.524899659,27.57469898,0.995404579,3.322987959,0.414481939,9.475100341,poor
6.156898977,0.564310102,0.01886202,1.759886189,0.075173542,6.371265985,13.37126598,0.995050541,3.563470844,0.605149361,10.39701279,poor
6.863464772,0.865560829,0,1.731732386,0.086915604,4.263464772,8.263464772,0.994170772,3.374789011,0.377903943,10.53173239,poor
9.208828906,0.443896387,0.341967349,2.38915542,0.071979843,28,65,0.99677642,3.211727471,0.530882891,9.91084458,average
7.7,0.6,0,2.6,0.055,7,13,0.99639,3.38,0.56,10.8,average
6.6,0.58,0.02,2,0.062,37,53,0.99374,3.35,0.76,11.6,good
10.15004983,0.547846466,0.256440672,1.964307069,0.085573279,8.785643104,32,0.997657228,3.078554345,0.539282155,9.52143569,average
9.403714926,0.828795198,0.285973894,2.331726931,0.083269077,30.08534134,147.0853413,0.997377711,3.23487952,0.52487952,9.510943737,average
7.249584684,0.352692117,0.500295946,1.7,0.059738324,5,61.13136036,0.99249621,3.060804775,0.516697838,10.2555036,average
9.4,0.59,0.14,2,0.084,25,48,0.9981,3.14,0.56,9.7,average
11.38199395,0.255829885,0.524076225,2.088152449,0.268951943,6,18,0.998634604,3.25886219,0.64535487,10.2061585,average
11.1,0.45,0.73,3.2,0.066,6,22,0.9986,3.17,0.66,11.2,good
8,0.77,0.32,2.1,0.079,16,74,0.99656,3.27,0.5,9.8,good
8.491962493,0.548531666,0.231468334,3.314683336,0.077066458,15.78670834,112.639875,0.997685317,3.261468334,0.605734167,9.421329166,average
6.583112439,1.080146878,0.078605001,1.585462494,0.144367127,6.43025004,19,0.99461533,3.443025004,0.468605001,9.743025004,poor
9.314183317,0.340856961,0.346918491,1.150612115,0.049085696,,24,0.993797366,2.898704091,0.376479543,9.824693942,average
5.9,0.55,0.1,2.2,0.062,39,51,0.99512,3.52,0.76,11.2,good
7.4,0.635,0.1,2.4,0.08,16,33,0.99736,3.58,0.69,10.8,good
7.42344256,0.5313936,0.117508096,4.27106592,0.073106592,5.7655744,30.172128,0.995894988,3.293262528,0.467180416,9.65639168,poor
7.080438397,0.711564249,0.212942554,3.246795158,0.069705745,14.81534391,66.19561603,0.993779807,3.221298564,0.523583523,10.68701436,poor
9.360505463,0.728875897,0.333319501,2.1,0.066795172,16.13655226,47.71218409,0.998370011,3.30356092,0.55643908,9.635609204,poor
7.6,0.62,0.32,2.2,0.082,7,54,0.9966,3.36,0.52,9.4,average
8.771928212,0.672868005,0.104294404,2.700152064,0.09242944,11,44,0.998369349,3.332822385,0.55,9.628375917,good
7.3,0.67,0.05,3.6,0.107,6,20,0.9972,3.4,0.63,10.1,average
7.680277904,0.760491372,0.058732631,2.702812642,0.063859032,5.22534738,9.45069476,0.996905903,3.402534738,0.536479157,10.92253474,poor
6.731553318,0.926408055,0.083155332,2.804853089,0.067315533,17.73786728,31.05340046,0.996088739,3.48529135,0.554223341,11.03155332,poor
7,0.54,0.09,2,0.081,10,16,0.99479,3.43,0.59,11.5,good
8.2,0.56,0.23,3.4,0.078,14,104,0.9976,3.28,0.62,9.4,average
9.9,0.32,0.56,2,0.073,3,8,0.99534,3.15,0.73,11.4,good
7.258426561,0.379517481,0.645122381,1.210839153,0.057915384,18.21083915,132.2108392,0.993096364,3.087832169,0.851499989,10.11566434,average
7.4,0.29,0.38,1.7,0.062,9,30,0.9968,3.41,0.53,9.5,good
6.6,0.58,0,2.2,0.1,50,63,0.99544,3.59,0.68,11.4,good
7.444579715,0.474106764,0.290702414,1.918473428,0.090375556,12.59236714,45.81526572,0.996873894,3.361786471,0.758213529,9.322289857,average
11.9,0.695,0.53,3.4,0.128,7,21,0.9992,3.17,0.84,12.2,good
6.169622026,0.604556696,0.084050397,2,0.088481101,32,44,0.994957718,3.46215119,0.593163789,10.46962203,average
7.031133764,0.497950025,0.228770015,1.791800099,0.078270338,3.639333665,15,0.996759,3.394016658,0.537623322,9.168033317,average
7.851650353,1.073241521,0.064834965,3.231868883,0.085120874,5.439562942,11.56043706,0.997171436,3.513626223,0.551648076,11.11208741,poor
7.9,0.29,0.49,2.2,0.096,21,59,0.99714,3.31,0.67,10.1,good
7,0.23,0.4,1.6,0.063,21,67,0.9952,3.5,0.63,,average
7.278791001,0.782599763,0.005039905,1.648802842,0.067007981,34.50399053,50.99201895,0.996995211,3.514161989,0.654800474,9.874800474,average
9.551855681,0.613797684,0.310462628,2.51296392,0.078870361,21.8703608,77.4351804,0.998304626,3.32351804,0.557869844,9.66944588,average
7.1,0.854135007,0.032115721,4.925014556,0.090345997,4.192285299,13.40385735,0.997436166,3.405961426,0.549807132,10.67691412,poor
8.5,0.46,0.59,1.4,0.414,16,45,0.99702,3.03,1.34,9.2,average
6.635870597,0.424239499,0.06967378,1.571741194,0.057771782,19.336958,84.336958,0.99430392,3.324565718,0.450761179,9.8,average
7.5,0.689402926,0.186567154,7.36119349,0.091283577,27.98507316,93.34328456,0.999074478,3.320895611,0.707612033,9.334328456,average
9.9,0.74,0.28,2.6,0.078,21,77,0.998,3.28,0.51,9.8,average
7.1,0.56,0.14,1.6,0.078,7,18,0.99592,3.27,0.62,9.3,average
8.2,0.6,0.17,2.3,0.072,11,73,0.9963,3.2,0.45,9.3,average
7.5,1.067141666,0.086706018,2.940472219,0.08573412,5.132939818,12,0.995922305,3.513412036,0.58537662,11.00059027,poor
7.767757565,0.842782323,0.014435354,3.175777798,0.081531919,5,13.55646464,0.996833061,3.359918183,0.575564646,11,poor
6.599832838,0.553860183,0.137737082,1.677370824,0.059900152,11,74.41930092,0.993562228,3.362595744,0.560965046,10.36139817,poor
7.8,0.6,0.26,2,0.08,31,131,0.99622,3.21,0.52,9.9,average
6.455421726,0.550783147,0.09,3.9,0.115379513,14.13855431,30.72289137,0.996583855,3.487530112,0.649216853,11.01385543,poor
9.208834622,0.48277728,0.28,2.530921178,0.065015982,18,72,0.997710433,3.201672953,0.472650387,9.923026274,average
6.686050185,0.5079064,0.200931492,1.844189457,0.054976826,23.16278545,81.09303637,0.995165125,3.314186073,0.513954328,9.483721455,poor
6.327900114,0.547209989,0.015441998,1.83968672,0.073691532,6.485266742,13.48526674,0.995072201,3.533830647,0.60058933,10.48821339,poor
6.842676572,0.850273866,0.268661714,4.51548952,0.070853531,15,38.71548952,0.99583686,3.505816609,0.532887238,11.0430979,average
6.8,0.64,0.03,2.3,0.075,14,31,0.99545,3.36,0.58,10.4,good
9.8,0.66,0.39,3.2,0.083,21,59,0.9989,3.37,0.71,11.5,good
8.335070333,0.724682651,0.222511722,2.583032822,0.079631266,17.92985933,46.92985933,0.997429526,3.275497656,0.522398124,9.423981245,poor
10.02788511,0.533861515,0.452046162,2.417654302,0.071102308,16.15346213,40.15346213,0.9990335,3.371073004,0.61948846,9.405115404,average
10.2,0.29,0.65,2.4,0.075,6,17,0.99565,3.22,0.63,11.8,good
7.675811112,0.718053332,0.044837778,1.817699995,0.048675555,4.241888884,9.241888884,0.996320944,3.397581111,0.49177,9.496755553,average
7.028639552,0.483416677,0.165326533,2.88693867,0.068442178,27,115.5326533,0.995027129,3.1079898,0.669244932,9.157789111,poor
8.513448143,0.221575354,0.340614772,0.702689629,0.040119112,5.003842327,25.00384233,0.991823477,3.04011527,0.370883735,10.49961577,poor
10.77550346,0.449387586,0.426258391,1.531291955,0.145625839,34.6258391,48.93875864,0.998332517,3.38,0.86,9.9,poor
9.021441203,0.441191178,0.501905885,6.461068538,0.079031961,8.349215706,42.34921571,0.998382569,3.257460785,0.521429414,9.878558797,average
8.407361042,0.54407987,0.276848085,2.238880195,0.062462412,28,65,0.996080145,3.281855909,0.450736104,10.0611198,average
7.347200954,0.585893407,0.085279905,4.224003178,0.083712041,5.941334393,28.82400318,0.997153604,3.372960127,0.489440191,9.058665607,poor
8.424721283,0.453824282,0.377416385,6.059108107,0.052710034,3.150557433,10.15055743,0.995670539,3.299572466,0.563011149,11.93977703,poor
8.09677244,0.513628287,0.229677244,1.89515866,0.111903173,9.5080689,37.4919311,0.99638355,3.160161378,0.723066182,9.64757933,average
12.7,0.6,0.49,2.8,0.075,5,19,0.9994,3.14,0.57,11.4,average
10.2,0.34,0.48,2.1,0.052,5,9,0.99458,3.2,0.69,12.1,good
7.2,0.29138918,0.352407213,2.222223885,0.079351916,44.15740048,112.5370398,0.995366211,3.238981966,0.711296767,11.1,average
7.38080751,0.397939154,0.26,1.731515494,0.154022009,10.87676996,87.12323004,0.995309491,3.127535399,0.615878308,9.343838498,average
5.1,0.47,0.02,1.3,0.034,18,44,0.9921,3.9,0.62,12.8,good
6.8,0.64,0,2.7,0.123,15,33,0.99538,3.44,0.63,11.3,good
7.7,0.56,0.2,2,0.075,9,39,0.9987,3.48,0.62,9.3,average
5,1.02,0.04,1.4,0.045,41,85,0.9938,3.75,0.48,10.5,poor
8.6,0.725,0.24,6.6,0.117,31,134,1.0014,3.32,1.07,9.3,average
7.987389777,0.774648147,0.120703706,2.082698401,0.076976543,5.425220446,13.42522045,0.997097654,3.242522045,0.52,9.414955911,average
7.429071352,1.083525412,0.092907135,2.984740947,0.085290714,5.08866081,12,0.995817732,3.540886608,0.602659824,,poor
8.00705582,0.826009766,0.008905116,2.18515814,0.084844279,12.8515814,26.742093,0.997354744,3.390778604,0.455547442,9.86715348,poor
7.593848216,1.524941532,0.004306249,2.124607137,0.13214009,5,9,0.994855968,3.492617859,0.409227676,10.9,poor
7.749192507,0.953769444,0.237541861,1.991806202,0.103147132,7,22.27870801,0.995803289,3.303277519,0.47180323,9.963935401,poor
9.8,0.44,0.47,2.5,0.063,9,28,0.9981,3.24,0.65,10.8,good
7.7,0.69,0.05,2.7,0.075,15,27,0.9974,3.26,0.61,9.1,average
7.72548544,0.483222879,0.123017096,1.910742929,0.079315428,39.6308569,55,0.995890194,3.415234276,0.80530287,11.24228577,good
8.6,0.8,0.11,2.3,0.084,12,31,0.9979,3.4,0.48,9.9,average
9.1,0.66,0.15,3.2,0.097,9,59,0.99976,3.28,0.54,9.6,average
9.2,0.52,1,3.4,0.61,32,69,0.9996,2.74,2,9.4,poor
8.013598995,0.651905044,0.333434931,2.289800754,0.079098474,13.79249686,55.48300126,0.997099824,3.322075031,0.557924969,10.18264943,poor
6.6,0.61,0.01,1.9,0.08,8,25,0.99746,3.69,0.73,10.5,average
5,0.4,0.5,4.3,0.046,29,80,0.9902,3.49,0.66,13.6,good
6.640601363,0.396240545,0.217776637,2.699570455,0.066598282,8,44.40171818,0.993735553,3.2320945,0.549957046,11.95982818,good
6.605883746,0.607206405,0.09,3.9,0.094690985,14.51470937,29.97058127,0.995997053,3.453676157,0.592793595,11.05147094,poor
7.362607504,0.886653692,0.134901765,2.281068357,0.065106836,18.05341785,32.75726572,0.996415632,3.465098235,0.554854686,10.67816207,poor
6.772838405,0.6244032,0.013442987,1.772838405,0.066887531,4.192042672,8.192042672,0.994413221,3.339602134,0.404567681,10.49602134,poor
6.6,0.63,0,4.3,0.093,51,77.5,0.99558,3.2,0.45,9.5,average
7,0.36,0.21,2.3,0.086,20,65,0.99558,3.4,0.54,10.1,good
15,0.21,0.44,2.2,0.075,10,24,1.00005,3.07,0.84,9.2,good
9.8,0.98,0.32,2.3,0.078,35,152,0.998,3.25,0.48,9.4,average
9.6,0.38,0.42,1.9,0.071,,13,0.99659,3.15,0.75,10.5,good
8.356392952,0.495571808,0.303378325,1.807536568,0.073376828,9.691788559,73.69178856,0.996069231,3.147671542,0.59872141,9.679677528,poor
8.069703537,0.425079534,0.327198119,2.541684726,0.068204989,21,127,0.996231887,3.203940707,0.561366592,9.562870579,average
7.476676795,1.101006077,0.097084599,3.251600835,0.085766768,4.883383973,12.11661603,0.995932942,3.531836878,0.595335359,11.14169199,poor
7.318211519,0.719184414,0.167418925,5.529610359,0.047445789,18.55977735,49.1195547,0.994106099,3.127418925,0.307228945,10.70379961,poor
6.9,0.74,0.03,2.3,0.054,7,16,0.99508,3.45,0.63,11.5,good
6.742022855,0.679075857,0,4.027724288,0.060630343,11.15126428,20.60505714,0.995348919,3.4394115,0.544873572,11.46721857,poor
8.858463287,0.609312197,0.306534132,2.775926882,0.087380977,16.89682949,46.03439017,0.997651585,3.261375607,0.511719508,9.310317051,poor
6.9,0.67,0.06,2.1,0.08,8,33,0.99845,3.68,0.71,9.6,average
10.77833633,0.800121186,0.379168163,5.836220831,0.108670706,22.60831837,99.39168163,1.002343604,3.202374327,0.646707062,9.339168163,average
8.211188181,0.327480407,0.457554275,1.055940906,0.048027745,28.77623638,118.1118818,0.99329228,3.231049455,0.445030176,10.69861274,poor
5.8,0.68,0.02,1.8,0.087,21,94,0.9944,3.54,0.52,10,average
9.741894203,0.591756731,0.108648084,3.154057649,0.096202787,32,71.35134622,0.99951582,3.315270193,0.685405765,9.835134622,average
7.874190353,0.944792349,0.027419035,1.825809647,0.06479654,4.086032157,8.086032157,0.996990082,3.372044502,0.336022251,9.254857883,poor
7.6712846,0.869546489,0.151183819,1.9712846,0.058199006,14.712846,59.13853799,0.995902016,3.36287154,0.44574308,10.7277076,average
8,0.43,0.36,2.3,0.075,10,48,0.9976,3.34,0.46,,average
6.07176825,0.928625531,0.124078756,1.62392275,0.144117381,7.619613751,20.2392275,0.994573143,3.465921244,0.464509656,9.567644844,poor
7.358805238,0.730384031,0.067982932,2.399146599,0.058403414,4.798293197,9.403413606,0.996239317,3.41025602,0.568153612,10.9,poor
7.8,0.59,0.33,2,0.074,24,120,0.9968,3.25,0.54,9.4,average
7.04740404,0.757828725,0.011314899,1.843425505,0.08060553,6,12,0.996312664,3.45880644,0.569204293,9.841436238,poor
15.9,0.36,0.65,7.5,0.096,22,71,0.9976,2.98,0.84,14.9,average
8.728473734,0.950231582,0.076226297,1.835763133,0.076549736,5.238420886,19.47684177,0.996164768,3.295231582,0.443576313,9.647684177,poor
6.411246726,0.63964854,0.208875327,1.801405841,0.081056234,13.98594159,31.0070292,0.996893233,3.588383283,0.65964854,9.801405841,average
11.6,0.44,0.64,2.1,0.059,5,15,0.998,3.21,0.67,10.2,good
11.5,0.31,0.51,2.2,0.079,14,28,0.9982,3.03,0.93,9.8,good
5.6,0.54,0.04,1.7,0.049,5,13,0.9942,3.72,0.58,11.4,average
6.863231741,0.665683638,0.006074579,1.640497191,0.066772654,4,8,0.994616054,3.336074579,0.361900562,10.13676826,poor
9.631565893,0.505835659,0.27708217,1.890186047,0.10258093,7.244031006,60,0.996407933,2.933899225,0.921432559,,average
7,0.59,0,1.7,0.052,3,8,0.996,3.41,0.47,10.3,average
10.44669046,0.5964971,0.482669938,2.1,0.069850067,14.09995539,47.03331846,0.999065849,3.300166592,0.559833408,9.601665923,poor
9.879647613,0.579158574,0.259158574,2.061057162,0.102982381,12,88.89823806,0.996468925,3.062387626,0.875577135,10.1,average
8.447832485,0.397023858,0.418650761,2.093131981,0.069430102,23.65903553,143.3180711,0.996294277,3.190891371,0.606819289,9.5,average
6.956758738,0.425947201,0.296758738,2.1,0.10427035,3.810804208,7.378391585,0.995106233,3.419188463,0.578108042,11.19188463,poor
8.837018549,0.867223609,0.308556386,1.982654478,0.08515018,6.83236354,23.50290938,0.996486658,3.228149073,0.49179274,10.06705458,poor
7.4,0.63605366,0.004789268,1.895785362,0.074521073,13,39.04214638,0.997646743,3.495632196,0.603103413,9.591570724,average
7.174742231,0.714394333,0,1.762628884,0.12047745,6,13.90657221,0.996215812,3.448131444,0.58,9.771971663,average
7.1,0.59,0,2.1,0.091,9,14,0.99488,3.42,0.55,11.5,good
5.9,0.395,0.13,2.4,0.056,14,28,0.99362,3.62,0.67,12.4,good
8.2,0.73,0.21,1.7,0.074,5,13,0.9968,3.2,0.52,9.5,average
9.5,0.59,0.44,2.3,0.071,21,68,0.9992,3.46,0.63,9.5,average
8.3,0.26,0.42,2,0.08,11,27,0.9974,3.21,0.8,9.4,good
,0.382034852,0.417017821,1.745964358,0.071894654,17.72982179,131.7298218,0.996183857,3.057017821,0.938453866,9.545964358,average
6.342566996,0.591853314,0.069816643,1.898166431,0.089185331,32.81466855,44.40733428,0.994965173,3.466293371,0.577963329,10.52036671,average
6.97203347,0.521247926,0.133259035,2.2927577,0.070818943,18,87.7927577,0.996486323,3.482334271,0.531348193,9.52072423,average
8.2,0.39,0.49,2.3,0.099,47,133,0.9979,3.38,0.99,9.8,average
7.5,0.52,0.42,2.3,0.087,8,38,0.9972,3.58,0.61,10.5,good
6.925777412,0.731921025,0.151333882,1.703109649,0.071042144,12.74222588,67,0.994258326,3.238666118,0.551755318,9.845335526,poor
6.7,0.58,0.08,1.8,0.097,15,65,0.9959,3.28,0.54,9.2,average
6.7,0.76,0.02,1.8,0.078,6,12,0.996,3.55,0.63,9.95,poor
8.533757096,0.47706591,0.451893606,2.382335226,0.074397457,7.044161936,29,0.997928705,3.106055542,0.471923723,9.504416194,average
6.8,0.67,0,1.9,0.08,22,39,0.99701,3.4,0.74,9.7,average
5.778896212,0.642768609,0.028373671,1.548789876,0.079674734,6,12.83736708,0.995145886,3.642110379,0.621626329,10.07560506,poor
7.757464445,0.476081755,0.3163436,2.105971556,0.071847038,9.272393336,48.48507111,0.996993661,3.276940756,0.493954978,9.375746445,average
6.479778535,0.66562351,0.087340715,3.474514479,0.108108007,15.32964225,31.26592845,0.996714903,3.505318569,0.643407155,11,poor
7.743351913,0.800758054,0.101462825,2.285904582,0.08786171,13,54,0.996965958,3.372845725,0.552845725,9.971542749,average
6.9,0.685,0,2.5,0.105,22,37,0.9966,3.46,0.57,10.6,good
7.8,0.53,0.33,2.4,0.08,24,144,0.99655,3.3,0.6,9.5,average
6.531968132,0.86226167,0.041754264,2.881478901,0.076040956,16.07212747,26.31968132,0.994773625,3.506491473,0.536081912,11.15360637,poor
7.351604092,0.290133591,0.339679182,1.751604092,0.054847586,23,94,0.993365935,3.170828864,0.501657727,10.59679182,good
6.6,0.5,0.01,1.5,0.06,17,26,0.9952,3.4,0.58,9.8,good
7.8,0.64,0.1,6,0.115,5,11,0.9984,3.37,0.69,,good
8.19191619,0.811223809,0.009099302,2.2,0.06972979,5.180139684,14,0.996562193,3.327205587,0.58,10.99099302,poor
9.6,0.6,0.5,2.3,0.079,28,71,0.9997,3.5,0.57,9.7,average
8.328187987,0.228791992,0.413758398,2.190604004,0.060335595,23.95302002,108.09396,0.994150336,2.862684594,0.476778588,9.490604004,average
11.9,0.38,0.49,2.7,0.098,12,42,1.0004,3.16,0.61,10.3,average
6.944760701,0.494977619,0.202410192,1.906886262,0.082206588,8.931137383,23,0.995862051,3.38552393,0.431377252,9.082709743,poor
7.569353653,1.305715196,0.021452443,2.222585387,0.112789386,5,9,0.995238083,3.463224384,0.44596952,10.9,poor
6.337210062,0.477325493,0.17548862,1.793954045,0.052697702,39.64185996,106.64186,0.991837399,3.295814004,0.504000218,11.89860394,average
8.586951527,0.387363109,0.314726218,1.792427173,0.099381361,30.49087392,48,0.996822773,3.409242717,0.672846609,9.958485435,poor
6.9,0.54,0.04,3,0.077,7,27,0.9987,3.69,0.91,9.4,good
6.4,0.57,0.02,1.8,0.067,4,11,0.997,3.46,0.68,9.5,average
6.9,0.39,0.24,2.1,0.102,4,7,0.99462,3.44,0.58,11.4,poor
9.8,1.010400119,0.322338471,2.264922939,0.078116924,34.64922939,151.8830765,0.998,3.238307646,0.485846177,9.411692354,average
6.827945773,0.918184119,0.061596901,2.043914786,0.061037986,4.039922533,11.03992253,0.995915209,3.530399225,0.638403099,10.91197676,poor
10.5,0.24,0.42,1.8,0.077,6,22,0.9976,3.21,1.05,10.8,good
6.905963896,0.549908447,0.122821083,1.834174727,0.087426628,34.0940361,124,0.995399703,3.406147002,0.478119278,10.34013862,average
7.8,0.6,0.26,2,0.08,31,131,0.99622,3.21,0.52,9.9,average
6.84615575,0.759086527,0.016346106,1.818269469,0.079096168,6,12,0.99613154,3.511634116,0.604422744,9.904326328,poor
6.464487525,0.554182822,0.09,3.9,0.114132965,14.16121881,30.67756238,0.996548499,3.485490307,0.645817178,11.01612188,poor
6.187395679,1.088083972,0.125092489,1.616974963,0.155623505,7,19.77983309,0.994428908,3.453210015,0.478050417,9.838991654,poor
7.93197485,0.680407545,0.257346826,3.525847904,0.106204048,33.78911377,88.78911377,0.996975309,3.229455689,0.464762036,9.278911377,average
8.5,0.28,0.35,1.7,0.061,6,15,0.99524,3.3,0.74,11.8,good
6.398340423,0.505303675,0.058894777,1.764088975,0.077,25,43.0939265,0.99495541,3.42751412,0.557182205,10.2939265,average
6.934522038,0.382025758,0.323808815,1.709129936,0.066710418,12.56348025,119,0.99261264,3.250556382,0.543651975,10.74365197,average
7.5,0.705,0.24,1.8,0.36,15,63,0.9964,3,1.59,9.5,average
7.786591472,0.447686712,0.23682707,2.128045117,0.090122806,3.426817057,7.426817057,0.994779018,3.29682707,0.605609023,11.11463659,good
8.14458875,0.58963925,0.237049063,2.14819625,0.106862194,9,38.25901875,0.996817908,3.235476187,0.553311687,,average
7.28058975,0.863589364,0.130779037,1.950484162,0.080232835,11.66989441,67.49515838,0.995333099,3.30213469,0.593397888,9.631073912,poor
6.694253719,0.577729483,0.09712686,3.134477684,0.069140857,10.0287314,21.4569029,0.995351065,3.420861942,0.496867541,10.46450568,poor
6.9,0.4,0.14,2.4,0.085,21,40,0.9968,3.43,0.63,9.7,good
8.4,0.31,0.29,3.1,0.194,14,26,0.99536,3.22,0.78,12,good
9.189495422,0.515588077,0.983402766,3.446220145,0.598003771,31.91596337,68.95798169,0.999467222,2.744622015,1.968906448,9.433614651,poor
8.606759479,0.942117299,0.120854858,1.896620261,0.079186878,5.64413507,20.28827014,0.996172883,3.287117299,0.449662026,9.728827014,poor
7.725042759,1.290317609,0.012504276,1.974957241,0.104072074,4.583190804,8.583190804,0.995777014,3.441646713,0.370823356,10.14974345,poor
8.235504106,0.47573563,0.226806569,2.371008211,0.06525422,11.35504106,72.64495894,0.995497607,3.089937272,0.460651232,9.371008211,average
8.6,0.47,0.27,2.3,0.055,14,28,0.99516,3.18,0.8,11.2,average
12.31769574,0.496460852,0.502387019,2.182304259,0.087407383,5.088478707,14.08847871,1.00007613,3.172304259,0.478045844,9.653087224,average
7.050773015,0.660154603,0.004922699,2.20154603,0.081769325,18,27.73840478,0.997542164,3.430154603,0.591688334,9.49845397,average
8.232470048,0.710941244,0.198376498,3.680353684,0.059879977,24.29058756,132.1282373,0.99534235,3.109399885,0.42649401,9.670941244,average
7.1,0.43,0.42,5.5,0.071,28,128,0.9973,3.42,0.71,10.5,average
8.767534302,0.661540679,0.316670824,2.114167706,0.082583229,10.85832294,43.56670824,0.998053367,3.301499376,0.535667082,9.171664588,poor
6.450806767,0.586903579,0.086951594,3.71709564,0.116699961,13.79677293,31,0.996596773,3.501016135,0.645612752,11.04064541,poor
9.6,0.56,0.31,2.8,0.089,15,46,0.9979,3.11,0.92,10,good
7.176666265,1.020309406,0.081523787,2.591904131,0.073990461,4.538094664,11.53809466,0.995855429,3.535380947,0.618476213,11.0614284,poor
6.607636526,0.520228546,0.174046809,1.771376774,0.053240523,23.27480496,80.81298759,0.994969091,3.313625975,0.496031206,9.472519504,poor
9.1,0.795,0,2.6,0.096,11,26,0.9994,3.35,0.83,9.4,good
8.8,0.61,0.19,4,0.094,30,69,0.99787,3.22,0.5,10,good
6.058581016,0.602722915,0.015858102,2.296452541,0.070656759,25.79290508,45.58581016,0.993635916,3.476212848,0.466567593,11.04141898,average
6.93873747,0.950630259,0.067927855,2.218016025,0.065153106,4.198196386,11.19819639,0.995896216,3.531981964,0.632072145,10.95945892,poor
7.107275659,0.522342587,0.216424145,2.688287063,0.064614031,10.09494298,117.6424145,0.994936522,3.264969013,0.568766732,10.22120723,average
7.475183247,0.704043979,0.319857592,1.711350786,0.067666806,10.47518325,63.52481675,0.994635908,3.276879581,0.445886911,10.40353927,poor
9.5,0.59,0.44,2.3,0.071,21,68,0.9992,3.46,0.63,9.5,average
7.3,0.695,0,2.5,0.075,3,13,0.998,3.49,0.52,9.2,average
6.094683382,0.482388589,0.288230387,1.438050573,0.072778734,32.39822779,142.2035444,0.993299458,3.243982278,0.443805057,10.02035444,average
7.475373652,0.962462635,0.064839309,2.180941685,0.061303531,20.20235421,49,0.997085412,3.301231317,0.550674514,9.69662743,poor
9.3,0.36,0.39,1.5,0.08,41,55,0.99652,3.47,0.73,10.9,good
8.434947281,0.669972947,0.181720311,2.295699223,0.069607519,10.52150388,41.47849612,0.996795699,3.27865566,0.569139845,9.291398447,average
7.6,0.685,0.23,2.3,0.111,20,84,0.9964,3.21,0.61,9.3,average
6.715792556,0.593953996,0.075786699,2.915792556,0.082632288,7.157925563,22.15792556,0.996659994,3.458420744,0.602103722,,average
8.626041913,0.301610156,0.476215368,2.355034928,0.080535594,25.28993014,56.71006986,0.998046311,3.39,0.535651048,9.214496507,average
6.540312437,0.768531143,0.085322919,3.151667002,0.096808345,16.33854062,31.46770812,0.996650333,3.509354162,0.623229188,11,poor
7.9,0.464209924,0.335118321,1.873320611,0.079420992,16.82213741,144,0.996462061,3.196442748,0.542885496,9.588931297,average
11.9,0.43,0.66,3.1,0.109,10,23,1,3.15,0.85,10.4,good
6.13652031,0.633173985,0.036347969,1.9,0.065726959,9,17.27304062,0.995571611,3.503617563,0.744504719,10.21774313,average
6.1,0.32,0.25,2.3,0.071,23,58,0.99633,3.42,0.97,10.6,average
6.3,0.39,0.08,1.7,0.066,3,20,0.9954,3.34,0.58,9.4,average
12.5,0.46,0.63,2,0.071,6,15,0.9988,2.99,0.87,10.2,average
7.323179779,0.887949447,0.373707299,2.1,0.121082837,3.615898894,9,0.996441683,3.382351406,0.517648594,10.48476967,poor
12,0.63,0.5,1.4,0.071,6,26,0.99791,3.07,0.6,10.4,poor
7.26905864,0.956227815,0.053811728,3.850559422,0.091773534,5,12.5773534,0.996492824,3.464944058,0.582679398,,poor
4.947726765,0.477776036,0.226996641,1.801948488,0.048784099,8.24837626,65,0.992391592,3.736071668,0.507840985,12.85162374,poor
8.02477221,0.582431663,0.076636295,3.209776004,0.081177297,26.16818527,60.58409263,0.996450091,3.330886484,0.703272589,10.78318147,good
8.396125263,0.420656146,0.491687585,1.753624954,0.053328744,10.35749969,69.46375046,0.9940732,3.111837455,0.567149994,10.54975022,poor
6.539741197,0.623715317,0.007948239,2.173505869,0.091231056,3.132470656,12.73505869,0.995616365,3.608077641,0.622649413,11.42051761,poor
9,0.46,0.23,2.8,0.092,28,104,0.9983,3.1,0.56,9.2,average
8.358484378,0.662578255,0.601004949,1.979242189,0.111169688,13.0691927,95.0691927,0.996937727,3.162075781,0.545535416,9.127677081,average
,1.18,0.21,1.9,0.083,14,41,0.99532,3.34,0.47,10.5,average
7,0.36,0.21,2.4,0.086,24,69,0.99556,3.4,0.53,10.1,good
6.99394046,0.804015765,0.111211908,5.313625169,0.041871279,19.23485115,49.76514885,0.994042965,3.141667253,0.320455345,10.77120839,poor
13,0.32,0.65,2.6,0.093,15,47,0.9996,3.05,0.61,10.6,average
6.731321239,0.605546637,0.242528496,2.047797935,0.07822513,11.20880826,119,0.995010409,3.345383422,0.679119174,10.87911917,average
9.969456718,0.407963781,0.448981891,6.19236418,0.071050905,6.025452735,13.97454727,0.997008801,3.212290746,0.493308856,11.80763582,good
8.641783779,0.810821622,0.022816892,1.943662166,0.073417838,4.572770277,14,0.997255399,3.307183108,0.562910811,10.44460136,poor
6.665736986,0.973801644,0,2.03849863,0.084154959,16.2300274,24.3849863,0.995030252,3.547651507,0.532675616,10.89201096,poor
9.4,0.41,0.48,4.6,0.072,10,20,0.9973,3.34,0.79,12.2,good
8.94136719,0.748467972,0.184560935,2.517914066,0.089117266,9,23,0.99817485,3.386482031,0.634690625,9.870359372,average
7.4,0.74,0.07,1.7,0.086,15,48,0.99502,3.12,0.48,10,average
8.255977778,0.423673778,0.448804444,1.706413333,0.137970711,5,17.31195556,0.997306762,3.268804444,0.884663555,9.4,average
6.012003068,0.672436754,0.026254518,1.612364473,0.079250904,6,12.62545176,0.995362039,3.618799693,0.623745482,10.04381776,poor
10.4,0.52,0.45,2,0.08,6,13,0.99774,3.22,0.76,11.4,good
6.780030582,0.88803364,0.056006116,2.013312946,0.06239633,3.933435272,11.13312946,0.995896702,3.535990826,0.638668705,10.93993884,poor
8.254068789,0.270796733,0.440779708,1.638644885,0.057313586,38,142.6152537,0.993431699,3.035423904,0.470017025,10.63050731,average
8.221612411,0.410516138,0.334274138,2.173709655,0.07821129,19.78871035,52.26290345,0.997395322,3.408451586,0.634741931,9.226290345,average
8.421581143,0.51004473,0.315539529,2.6,0.086680756,26,71.36151179,0.996976753,3.316573855,0.628920943,10.64883148,average
6.975756087,0.564469599,0.090605922,1.469696863,0.067803014,15.34848432,24.95454705,0.995337271,3.346060627,0.456969686,9.465151568,average
,0.53,0.26,2,0.101,16,72,0.9957,3.15,0.57,9.4,average
8.241078881,0.427614251,0.370871245,1.205394405,0.058788397,28.17842238,118.4107888,0.994607471,3.207136895,0.672199496,10.16058014,poor
12.2,0.45,0.49,1.4,0.075,3,6,0.9969,3.13,0.63,10.4,average
9.1,0.5,0.3,1.9,0.065,8,17,0.99774,3.32,0.71,10.5,good
7.9,0.57,0.31,2,0.079,10,79,0.99677,3.29,0.69,9.5,good
10.82454699,0.450613675,0.427075783,1.535378916,0.145707578,34.70757832,49.06136748,0.998334152,3.38,0.86,9.9,poor
8.361328019,0.327703661,0.289305255,3.575530263,0.069190286,27.08761146,103.0876115,0.996461537,3.095438057,0.518942516,,average
6.49193069,0.564474009,0.09,3.9,0.11035953,14.22982673,30.54034655,0.99644147,3.479315595,0.635525991,11.02298267,poor
7.6,0.51,0.24,2.4,0.091,8,38,0.998,3.47,0.66,9.6,good
7.81087815,0.354141595,0.267280463,1.248951674,0.04217563,25,105.9456093,0.993359365,3.025773317,0.546736555,10.37280463,average
8.3,0.65,0.1,2.9,0.089,17,40,0.99803,3.29,0.55,9.5,average
7.8,0.53,0.01,1.6,0.077,3,19,0.995,3.16,0.46,9.8,average
7.2,0.695,0.13,2,0.076,12,20,0.99546,3.29,0.54,10.1,average
6.3,1.02,0,2,0.083,17,24,0.99437,3.59,0.55,11.2,poor
10.39404797,0.610709665,0.487939681,2.097710756,0.199441425,4.995421513,15.99084303,0.99939359,3.160595203,0.629587936,8.405952033,poor
7.294682316,0.756283236,0.005132942,1.87433529,0.082460117,6,12,0.996535214,3.393895892,0.525930595,9.764161776,poor
12.39636961,0.461151449,0.484242756,4.166079841,0.078866156,27.15144882,49.23028976,0.998129938,3.087997811,0.603392016,9.634543465,poor
8.464089741,0.653668334,0.273127179,2.329725638,0.085312718,12.9690769,43.98453845,0.9976,3.293591026,0.52343641,9.232817948,poor
7.217983637,0.921113751,0.043596727,4.016553178,0.093050409,5,12.70504091,0.996646049,3.448344682,0.578848773,11.05899182,poor
9.1,0.45,0.35,2.4,0.08,23,78,0.9987,3.38,0.62,9.5,average
10.6,0.5,0.45,2.6,0.119,34,68,0.99708,3.23,0.72,10.9,good
8.484202702,0.82657973,0.016907601,2.061847974,0.071842027,4.769746623,14,0.996999329,3.313092399,0.570789865,10.70067061,poor
8.7,0.31,0.46,1.4,0.059,11,25,0.9966,3.36,0.76,10.1,good
8.3,0.715,0.15,1.8,0.089,10,52,0.9968,3.23,0.77,9.5,average
6.849331723,0.481561393,0.266002415,1.397326893,0.05460632,13.50668277,67,0.99282497,3.123997585,0.50206562,10.30400966,poor
7.890832148,0.765590967,0.260174893,1.923582504,0.076288293,10.7816643,62.89083215,0.996244897,3.299825107,0.478908321,9.832750356,poor
10.50852269,0.442713067,0.421808711,1.509043557,0.145180871,,48.27130672,0.998323617,3.38,0.86,9.9,poor
9,0.58,0.25,2,0.104,8,21,0.99769,3.27,0.72,9.6,average
7.763724211,0.622599895,0.060979368,2.227448421,0.064637242,32.91172632,44.27448421,0.994003131,3.441862105,0.678331158,12.37351789,good
7.5,0.51,0.02,1.7,0.084,13,31,0.99538,3.36,0.54,10.5,good
8.220824745,0.431496908,0.198958763,2.031237117,0.067783093,24.42082474,130,0.995990718,3.258958763,0.505249485,9.542082474,average
7.503265906,0.714229859,0.067713866,2.486936376,0.060580066,5,9,0.996269052,3.383919087,0.545101141,10.9,poor
8.310116338,0.66726441,0.18726441,2.184368059,0.091319566,11,75.03907985,0.997177106,3.208597568,0.585701216,9.246895824,poor
10.2,0.67,0.39,1.9,0.054,6,17,0.9976,3.17,0.47,10,average
8.016482062,1.053667755,0.048351794,3.293680773,0.084708795,5.645602577,11.35439742,0.99781428,3.501263845,0.528983717,11.07087948,poor
6.834578328,0.348253648,0.280668991,1.693310086,0.057758466,20.84013948,60.22675965,0.993592875,3.306133798,0.51680279,10.32267597,average
6.654603291,0.616879231,0.136879231,1.896452746,0.06036867,11,75.75886813,0.993808497,3.36695099,0.506524505,10.11064176,poor
6.065810273,0.326452568,0.394318186,3.139328088,0.076213438,18.32905137,42,0.995197144,3.449229246,0.630385377,11.23033596,good
8.409710104,0.429171592,0.318932358,1.121352847,0.054446383,5.601932639,24.39806736,0.993124252,3.10621259,0.400096632,10.34951684,poor
7.826464609,0.72761412,0.254381815,1.878525227,0.074099797,10.65292922,62.82646461,0.996082691,3.305618185,0.478264646,9.852060617,poor
7.738065655,0.535678786,0.271419696,1.785803036,0.08179414,9,30.23868691,0.996904525,3.340514649,0.990204022,9.409671727,average
6.338786588,0.227459867,0.266716242,3.762700663,0.058820349,18,96.32837583,0.995384536,3.312986308,0.530520538,9.267162417,average
7.953161181,0.669257643,0.291484714,3.280937947,0.073211695,16.19157018,53.51053727,0.996160125,3.24446364,0.474674385,10.60852478,poor
7.198626992,0.415160184,0.33894736,2.350228835,0.074355834,5.502288347,12,0.994789256,3.329862699,0.600228835,11.4,good
9,0.45,0.49,2.6,0.084,21,75,0.9987,3.35,0.57,9.7,average
5.1,0.51,0.18,2.1,0.042,16,101,0.9924,3.46,0.87,12.9,good
7.9,0.52,0.26,1.9,0.079,42,140,0.9964,3.23,0.54,9.5,average
7.8,0.53,0.04,1.7,0.076,17,31,0.9964,3.33,0.56,10,good
6.772567558,0.583102201,0.111770268,2.10685811,0.067794257,28.9314189,52,0.994702105,3.466714528,0.547942567,10.90143583,average
8.368513431,0.544053724,0.271865079,1.916620879,0.078831044,10.05540293,74.05540293,0.996427998,3.162216117,0.596297314,9.546352259,poor
6.351780567,0.434427336,0.426580846,1.093479312,0.041266843,9.351780567,64.64821943,0.990602892,3.248794514,0.372865737,11.69545235,poor
9.3,0.33,0.45,1.5,0.057,19,37,0.99498,3.18,0.89,11.1,good
5.896630407,0.234382241,0.286704107,2.278027377,0.044833977,5.659178682,46.56054755,0.991956532,3.096367147,0.458789049,10.0011232,poor
7.229440652,0.481459755,0.317664391,1.382482936,0.043238472,26.73478858,85.35279674,0.994359127,3.211776261,0.44296862,9.261800816,poor
7.8,0.735445936,0.308789792,3.642357276,0.080181531,21,64.6263264,0.9967269,3.188184688,0.539394896,9.33736736,average
10.2,0.23,0.37,2.2,0.057,14,36,0.99614,3.23,0.49,9.3,poor
7.593274409,1.519805957,0.004707914,2.126902366,0.131686783,5,9,0.994864919,3.49192929,0.410088387,10.9,poor
6.864876539,0.945993808,0.070537038,2.732222305,0.063458642,13.05370384,30.29753077,0.994954543,3.474876539,0.461611115,11.29462962,poor
11.30506001,0.582681273,0.614418365,2.173187274,0.072927491,11.07250905,47,1.000344184,3.263406363,0.567318727,9.160876358,poor
5.7,0.6,0,1.4,0.063,11,18,0.99191,3.45,0.56,12.2,good
7.143994497,0.399203852,0.237597799,1.952573787,0.069765958,18.49142071,101,0.995108579,3.290857929,0.480686343,10.10171586,average
5.1,0.585,0,1.7,0.044,14,86,0.99264,3.56,0.94,12.9,good
7.082943828,0.505864425,0.422943828,2.1,0.109317753,3.390187238,8.219625523,0.996187219,3.372920596,0.573901872,10.72920596,poor
6.716119763,0.567343113,0.108059881,3.003281424,0.070507485,9.919401186,21.62089822,0.99540409,3.417582036,0.489761077,10.31417663,poor
7.028354355,0.836600386,0.063262205,2.163110253,0.059347559,4.326220507,10.34755899,0.996050488,3.481066924,0.610640154,10.9,poor
11.5,0.3,0.6,2,0.067,12,27,0.9981,3.11,0.97,10.1,good
7.6,0.5,0.29,2.3,0.086,5,14,0.99502,3.32,0.62,11.5,good
7.58033118,1.403964063,0.013768174,2.178675279,0.121461632,5,9,0.995066834,3.476397416,0.42950323,10.9,poor
8.2,0.33,0.39,2.5,0.074,29,48,0.99528,3.32,0.88,12.4,good
7.5,0.58,0.14,2.2,0.077,27,60,0.9963,3.28,0.59,9.8,average
7.477939139,0.677278699,0.104562015,2.470585519,0.062118027,4.852927596,9,0.996383976,3.37632319,0.551470724,10.85587828,poor
9.1,0.29,0.33,2.05,0.063,13,27,0.99516,3.26,0.84,11.7,good
7.8,0.55,0.35,2.2,0.074,21,66,0.9974,3.25,0.56,9.2,average
6.957372639,0.426336005,0.297372639,2.1,0.104294906,3.808757871,7.382484258,0.995111492,3.418963366,0.578087579,,poor
8.514182571,0.430283651,0.407411037,2.448581743,0.078971635,26,121.4858174,0.997902022,3.225141826,0.81805054,9.442908714,average
9.344287233,0.684079854,0.101071808,1.813751329,0.085633976,4.610718082,14,0.997938928,3.305267952,0.533892819,9.791607712,poor
7.610595061,0.886463716,0.180436864,2,0.082725835,11.38940494,64.55761976,0.996181218,3.313364296,0.526728593,9.644238024,poor
8.2,0.31,0.4,2.2,0.058,6,10,0.99536,3.31,0.68,11.2,good
11.4,0.26,0.44,3.6,0.071,6,19,0.9986,3.12,0.82,9.3,good
7.1,0.62,0.06,1.3,0.07,5,12,0.9942,3.17,0.48,9.8,average
5.479170618,0.571819985,0.095389258,3.989180103,0.057308389,29.74721959,79,0.994337512,3.312416588,0.457805845,9.274721959,average
7.1,0.71,0,1.9,0.08,14,35,0.9972,3.47,0.55,9.4,average
7.425949218,0.621255142,0.152711003,2.120991536,0.072938815,12.20991536,28.20991536,0.997306351,3.457025391,0.692215235,9.583966145,good
7.3,0.305,0.39,1.2,0.059,7,11,0.99331,3.29,0.52,11.5,good
7.978063825,0.639169929,0.224051488,1.869763118,0.150930795,5,21.38537588,0.997001977,3.382292482,0.555415035,9.808300706,average
7.722920818,0.328681524,0.374929033,2.348275652,0.045853959,5.590263939,24,0.994169372,3.337565985,0.631521412,11.9,good
8.191372494,0.55383331,0.239137249,2.037058741,0.114741175,9.271568765,37.72843124,0.99627949,3.155431375,0.633196131,9.718529371,average
5.6,0.5,0.09,2.3,0.049,17,99,0.9937,3.63,0.63,13,average
7.4255908,0.724069885,0.03255908,1.5558069,0.084743081,7.627954,14.813977,0.995301367,3.29534437,0.53930115,9.6372046,average
9.89943665,0.228012623,0.416131136,1.814375879,0.043768139,5.138125293,32.44749883,0.994383439,2.957681394,0.310387564,9.517124824,poor
7.7,0.75,0.27,3.8,0.11,34,89,0.99664,3.24,0.45,9.3,average
6.51849661,0.534236247,0.143484552,1.688603995,0.051266711,23.4021477,80.49463075,0.994746242,3.312989262,0.475656368,9.45978523,poor
9.6,0.6,0.5,2.3,0.079,28,71,0.9997,3.5,0.57,9.7,average
8.283146854,0.719464336,0.07220979,1.711160839,0.111120559,4,11,0.997069274,3.332232168,0.613872727,9.675055944,average
9.828950976,0.632960376,0.242368301,2.352633984,0.079249886,5.881584961,33.23683008,0.997397632,3.108946406,0.552237744,9.423683008,average
12.2,0.48,0.54,2.6,0.085,19,64,1,3.1,0.61,10.5,good
7.8,0.87,0.26,3.8,0.107,31,67,0.99668,3.26,0.46,9.2,average
12,0.5,0.59,1.4,0.073,23,42,0.998,2.92,0.68,10.5,good
7.389672904,0.677418226,0.151738324,1.805163548,0.078981074,12.10327096,38.94836452,0.997650946,3.493287388,0.693803743,9.85352807,good
7.952217661,0.32494969,0.223276181,1.295564678,0.053078644,20.23891169,102,0.993640626,3.306280286,0.434334702,10.56552363,average
7.58650711,1.459238634,0.009445023,2.15397156,0.126340617,5,9,0.994970489,3.483808532,0.420239335,10.9,poor
8.9,0.875,0.13,3.45,0.088,4,14,0.9994,3.44,0.52,11.5,average
8.64018876,0.845981124,0.163400587,2.718548659,0.063319557,21.54637165,49,0.997320615,3.242990562,0.555154572,9.674227139,poor
8.42633949,0.375583763,0.482554983,1.963564576,0.097518893,26.36435424,85,0.997085426,3.314653136,0.548217712,9.444952033,average
5.843766598,0.59562334,0.025124668,1.613757746,0.077887356,6.162511065,13.16251107,0.995010877,3.617747123,0.613499557,10.23000885,poor
12.30262937,0.462193007,0.479034965,3.864027982,0.086886154,28.19300696,49.43860139,0.998157018,3.12236923,0.633597202,9.665790209,poor
9.304892726,0.535980064,0.167450921,2.798036832,0.085598006,20.25490792,53,0.999800966,3.162941713,0.61127454,9.387254604,average
7.43857742,0.664503583,0.152247466,4.948221775,0.084977525,3.829587557,10.48876267,0.996535713,3.386142258,0.422378364,10.91704124,average
7.885109528,0.809632804,0.253044359,2.051555312,0.086546659,7.484446879,23,0.996115222,3.291489047,0.460311062,9.769887732,poor
8.3,0.6,0.25,2.2,0.118,9,38,0.99616,3.15,0.53,9.8,average
9.440000825,0.412129056,0.364258112,1.654838577,0.120845182,32.14193708,48,0.997527226,3.395483858,0.760903311,9.930967715,poor
7,0.69,0.07,2.5,0.091,15,21,0.99572,3.38,0.6,11.3,good
10.7,0.35,0.53,2.6,0.07,5,16,0.9972,3.15,0.65,11,good
7.6,0.74,0,1.9,0.1,6,12,0.99521,3.36,0.59,11,average
7.071113086,0.622818952,0.088584712,1.628654451,0.063998838,34.2853822,52.28654451,0.995714385,3.380034869,0.657157801,9.71426911,average
7.8,0.46,0.26,1.9,0.088,23,53,0.9981,3.43,0.74,9.2,good
7.2,0.48,0.07,5.5,0.089,10,18,0.99684,3.37,0.68,11.2,good
6.955758033,0.64709771,0.002531989,2.2,0.089416828,3.506397814,13.25319891,0.995856115,3.544040328,0.609872044,,poor
7.65014292,0.807092678,0.014957124,2.20057168,0.09,7.5014292,19.4985708,0.996652144,3.235100044,0.645242964,9.44957124,average
7.9,0.69,0.21,2.1,0.08,33,141,0.9962,3.25,0.51,9.9,average
8.933304395,0.490555073,0.29166522,2.256475855,0.071398237,28.50925122,55.01850244,0.995686573,3.257964731,0.716387683,11.26572708,good
7.583555407,0.782677729,0.002088885,2.056666389,0.084,6,11.89555574,0.996949777,3.354622196,0.49,9.835777537,poor
7.3,0.33,0.47,2.1,0.077,5,11,0.9958,3.33,0.53,10.3,good
6.773687421,0.62029287,0.001520486,2.2,0.092046737,3.304097135,13.15204857,0.995741815,3.57438543,0.613918057,11.42397572,poor
8.9,0.32,0.31,2,0.088,12,19,0.9957,3.17,0.55,10.4,good
7.342852867,0.888271217,0,2.109773986,0.08629322,14.80452028,25.09773986,0.996252624,3.469248615,0.500601706,10.32180811,poor
8.4,0.67,0.19,2.2,0.093,11,75,0.99736,3.2,0.59,9.2,poor
10.08935168,0.541657369,0.334675839,2.224259329,0.139734225,5.621296644,14.75740671,0.998405925,3.271833396,0.561657369,9.394074631,poor
6.7,0.28,0.28,2.4,0.012,36,100,0.99064,3.26,0.39,11.7,good
9.2,0.43,0.52,2.3,0.083,14,23,0.9976,3.35,0.61,11.3,good
7.141137037,0.899682222,0.05514213,5.43260926,0.08241137,3.205685184,13.79431482,0.997845519,3.414397963,0.528227407,10.30284259,poor
7.295591119,0.624411682,0.124265653,1.888233646,0.091661892,8.279415884,29,0.998228672,3.555439487,0.961915184,9.460292058,average
7.1,0.53,0.07,1.7,0.071,15,24,0.9951,3.29,0.66,10.8,good
7.730805422,0.424936414,0.188059347,3.304639679,0.099886011,14,32.75105977,0.99656886,3.405442773,0.606961848,10.40463968,poor
8.529781489,0.645128406,0.278382519,2.421694084,0.085838252,13.75737787,44.37868893,0.9976,3.287021851,0.52080874,9.245956298,poor
7.110244485,0.396926654,0.185366728,1.955122243,0.070077996,15,28,0.994798731,3.283853309,0.765902206,10.9858557,good
10.63453895,0.646546105,0.332153295,3.639017975,0.066771317,23.84754494,49,0.99772332,3.143273053,0.56282515,9.635874251,poor
11.38496328,0.336454111,0.547712188,1.990521289,0.123859545,17,43.82679883,0.998043197,3.241895742,0.775196035,11.24019824,good
7.035972909,0.843520013,0.044664409,5.326508633,0.083493965,3,13.89328818,0.997812153,3.4234766,0.530671182,10.33872536,poor
13.18833181,0.279525068,0.627408387,2.547082953,0.082846673,6,21,1.000178833,3.161058341,0.664708295,9.647082953,good
5.786423947,0.214177724,0.287928623,2.286190819,0.04303802,5.414275438,46.72381637,0.991697751,3.086571018,0.455523673,10.03785868,poor
8.9,0.61,0.49,2,0.27,23,110,0.9972,3.12,1.02,9.3,average
7.7,0.965,0.1,2.1,0.112,11,22,0.9963,3.26,0.5,9.5,average
8,0.725,0.24,2.8,0.083,10,62,0.99685,3.35,0.56,10,good
6.8,0.62,0.08,1.9,0.068,28,38,0.99651,3.42,0.82,9.5,good
7,0.69,0.07,2.5,0.091,15,21,0.99572,3.38,0.6,11.3,good
7.02843897,0.736146323,0.10299674,1.701528431,0.064162115,15.74617892,60.74617892,0.995664159,3.307767475,0.559388627,9.706113725,average
5.987741849,0.519893519,0.224490326,5.901999733,0.049121932,27.7754837,77.7754837,0.993352967,3.283877418,0.429793533,11.34290353,average
,0.735,0.1,2.1,0.079,6,31,0.9986,3.23,0.56,10.1,good
8.081807605,0.554774049,0.367574347,2.093935868,0.074939359,24.46967934,120.2348397,0.99703484,3.245303207,0.549393587,9.353032066,average
7.351827048,0.967215995,0.058637841,2.124185956,0.061932887,19.8963459,48.8963459,0.997069003,3.308272432,0.548617945,9.686179454,poor
6.805638155,0.648872369,0.017359046,2.005638155,0.066017812,26.26409539,42.26409539,0.995051098,3.397922862,0.756617107,10.84718092,good
6.812137133,0.46601101,0.198671173,2.147397394,0.067184935,18,87.64739739,0.995810398,3.448901401,0.518265765,,average
7.291164897,1.052992426,0.101485634,1.713252655,0.174024204,9.955824484,89.13252655,0.996204418,3.29911649,0.572208776,9.017670207,average
